Province,District,Long,Lat,Ele,River ,Flat,"Main OCC
Farming
0:No
1:Yes","Second OCC
Farming
0:No
1:Yes","Migration
BackG
0:No
1:Yes","Literate
0:no
1:yes","Gender 
0:F
1:M",Age,"Work on
farm","Work off
farm","Not
 employed ","Female
 work
on farm","Importance
of farming
0:not atll Impornt
1:importnt
2:Very impornt","Crop Net
Income",t4,r4
1,4,67.188517,34.399903,3208.609619,1,0,1,1,0,0,1,30,1,0,6,2,2,25300,1.22557075,37.372281
1,4,67.127124,34.349923,3173.264404,1,0,1,0,0,1,1,42,1,7,0,2,2,79600,1.58986325,37.61469175
1,4,67.029534,34.404116,3195.539551,1,0,1,1,0,0,1,50,2,2,5,1,2,57380,1.37418725,43.2632475
1,4,67.033225,34.475412,3268.948242,0,0,1,1,0,1,1,42,1,0,7,1,2,39740,1.01345175,45.953078
1,4,67.127248,34.350075,3173.264404,1,0,1,1,0,1,1,25,2,0,8,4,2,35050,1.58986325,37.61469175
1,4,67.14343,34.374694,3190.596436,1,1,1,1,1,0,1,60,1,5,0,3,2,35550,1.38553275,37.45453525
1,4,67.176325,34.382105,3199.28418,1,0,1,1,1,0,1,50,2,0,6,1,2,62100,1.3674365,37.00553425
1,4,67.181109,34.374109,3199.533203,1,0,1,0,1,0,1,26,1,3,0,1,2,58700,1.359935,36.78506375
1,4,67.178507,34.375937,3199.28418,1,1,1,1,0,1,1,60,2,5,0,1,1,72600,1.3674365,37.00553425
1,4,67.183732,34.393522,3204.081787,1,1,1,1,0,1,1,29,2,6,0,2,2,70690,1.287605,37.10487475
1,4,67.01777,34.383763,3185.346436,0,0,1,0,0,1,1,52,3,0,6,1,2,16000,1.46165025,43.5940235
1,4,67.159426,34.381414,3198.928955,1,1,1,1,1,1,1,50,1,6,0,1,1,70210,1.3766615,37.2493495
1,4,67.159137,34.381437,3198.928955,1,1,1,1,1,1,1,51,1,0,4,1,2,32150,1.3766615,37.2493495
1,4,67.033808,34.476488,3268.948242,0,1,1,1,0,0,1,36,1,0,9,0,0,29940,1.01345175,45.953078
1,4,67.022003,34.397834,3194.324219,1,1,1,1,0,0,1,48,2,4,1,0,0,42540,1.38408125,44.0605935
1,4,67.18378,34.395798,3208.609619,1,1,1,1,1,1,1,67,2,0,6,2,2,25300,1.22557075,37.372281
1,4,67.178583,34.376093,3199.28418,1,1,1,1,1,1,1,56,2,0,6,0,1,30950,1.3674365,37.00553425
1,4,67.029296,34.36451,3167.105469,1,1,1,0,1,1,1,65,3,2,5,1,2,91150,1.63071925,42.595956
1,4,67.033992,34.47656,3268.948242,0,0,1,1,0,1,1,42,0,0,8,0,0,29420,1.01345175,45.953078
1,4,67.177783,34.380908,3199.28418,1,1,1,0,0,1,1,45,2,8,0,5,2,92900,1.3674365,37.00553425
1,4,67.011417,34.412191,3202.156982,1,1,1,1,1,1,1,55,3,0,0,2,2,44300,1.3167275,45.33848675
1,4,67.034521,34.385807,3186.812256,1,1,1,1,1,1,1,50,2,0,5,0,0,23100,1.45031325,42.83910825
1,4,67.182176,34.389626,3204.081787,1,1,1,0,0,0,1,30,1,7,0,3,1,14550,1.287605,37.10487475
1,4,67.029408,34.404055,3194.324219,1,0,1,1,1,0,1,70,1,0,8,3,1,11500,1.38408125,44.0605935
1,4,67.17811,34.38264,3204.07959,1,1,1,1,1,0,1,18,2,0,7,2,2,20700,1.294154,37.32939525
1,4,67.023274,34.387948,3185.346436,1,0,1,1,0,0,1,35,2,1,5,1,1,91120,1.46165025,43.5940235
1,4,67.181077,34.373835,3199.533203,1,0,1,1,0,1,1,30,1,0,6,1,2,30380,1.359935,36.78506375
1,4,67.069423,34.462042,3242.224121,1,0,1,1,0,0,1,28,1,0,5,2,1,38520,1.037481,42.6714535
1,4,67.01451,34.386404,3183.802002,1,0,1,1,0,1,1,50,1,2,7,1,2,52770,1.46992775,44.35088925
1,4,67.060897,34.462717,3243.162109,1,1,1,1,0,0,1,29,1,2,5,2,1,29490,1.04683475,43.42155175
1,4,67.143617,34.375118,3190.596436,1,0,1,1,1,0,1,80,1,0,7,5,2,39500,1.38553275,37.45453525
1,4,67.178923,34.383522,3204.07959,1,1,1,1,0,0,1,45,1,0,8,0,1,15500,1.294154,37.32939525
1,4,67.054307,34.463045,3261.262451,1,1,1,1,0,1,1,33,2,1,10,0,0,81300,1.05531525,44.61708275
1,4,66.999518,34.388482,3182.177979,1,0,1,0,1,1,1,50,2,1,5,4,2,45950,1.475293,45.0885315
1,4,67.027792,34.468087,3263.880127,0,0,1,1,1,0,1,56,0,0,8,3,2,73800,1.068089,46.61184575
1,4,66.955789,34.38038,3166.515381,1,1,1,1,0,1,1,40,2,0,6,1,2,95330,1.5756765,46.46289075
1,4,67.070015,34.46219,3242.224121,0,0,1,1,1,0,1,56,2,0,8,1,1,18900,1.037481,42.6714535
1,4,67.05453,34.463222,3243.162109,1,0,1,0,0,0,1,34,2,2,4,0,0,45640,1.04683475,43.42155175
1,4,67.178938,34.383123,3204.07959,1,1,1,1,0,0,1,65,1,8,0,3,1,89630,1.294154,37.32939525
1,4,67.171641,34.382989,3204.07959,1,0,1,1,1,0,1,46,1,6,0,0,0,79600,1.294154,37.32939525
1,4,67.029423,34.404117,3194.324219,1,0,1,1,0,0,1,48,1,1,8,0,0,26500,1.38408125,44.0605935
1,4,67.171743,34.382758,3204.07959,1,1,1,1,0,0,1,30,1,0,7,2,2,12100,1.294154,37.32939525
1,4,67.018385,34.4033333,3194.324219,1,1,1,0,0,0,1,40,3,2,2,2,2,97030,1.38408125,44.0605935
1,4,67.127115,34.350437,3173.264404,1,0,1,1,1,0,1,50,2,0,5,2,2,47450,1.58986325,37.61469175
1,4,67.182616,34.389016,3204.081787,1,1,1,0,1,1,1,35,2,10,0,6,2,105260,1.287605,37.10487475
1,4,67.127119,34.349751,3173.264404,1,0,1,0,1,1,1,31,1,5,0,1,2,55250,1.58986325,37.61469175
1,4,67.178142,34.382563,3199.28418,1,0,1,0,1,1,1,35,3,3,0,0,0,73500,1.3674365,37.00553425
1,4,67.177903,34.382403,3199.28418,1,1,1,1,0,1,1,19,2,0,4,5,2,10100,1.3674365,37.00553425
1,4,67.009852,34.388946,3183.802002,1,0,1,1,0,0,1,45,8,0,4,4,2,94000,1.46992775,44.35088925
1,4,67.029377,34.404045,3194.324219,1,0,1,1,1,0,1,50,0,0,6,0,0,23850,1.38408125,44.0605935
1,4,67.019439,34.375766,3176.272949,1,1,1,1,0,0,1,40,2,0,10,2,1,61670,1.544096,43.10471425
1,4,67.190605,34.40534,3208.609619,1,1,1,1,0,0,1,33,1,0,8,0,1,12500,1.22557075,37.372281
1,4,67.178015,34.380975,3199.28418,1,1,0,1,0,1,1,38,4,1,7,5,2,106520,1.3674365,37.00553425
2,8,67.654518,33.36886,2932.893799,0,0,1,1,0,0,1,23,2,0,1,1,2,29900,5.0887425,101.9250928
2,8,67.251887,33.033097,2689.387695,0,0,1,1,0,1,1,18,3,0,4,2,2,30550,7.56143025,81.2811605
2,8,67.412543,32.973325,2546.11377,0,0,1,0,1,1,1,43,4,0,6,2,2,39600,9.0755395,53.7091865
2,8,67.252108,33.031637,2689.387695,0,0,1,1,1,0,1,65,2,0,5,1,2,37860,7.56143025,81.2811605
2,8,67.5519,33.183923,2738.986328,0,0,1,0,1,0,1,67,3,1,4,2,2,11500,6.31406925,91.124178
2,8,67.474863,33.039918,2587.02124,0,0,1,0,1,0,1,70,1,0,6,1,2,35750,8.6463305,57.3030635
2,8,67.409282,33.277962,2946.410156,1,1,0,0,1,1,1,20,4,0,6,3,2,37650,5.07161325,103.3655073
2,8,67.536057,32.946308,2425.797363,0,1,1,0,0,0,1,76,3,0,12,2,1,10850,10.0010475,40.0787115
2,8,67.413148,32.972508,2546.11377,0,0,0,0,1,1,1,32,2,0,10,1,2,19600,9.0755395,53.7091865
2,8,67.65451,33.368815,2932.893799,0,0,0,0,0,0,1,80,5,0,6,3,2,10150,5.0887425,101.9250928
2,8,67.438128,32.975405,2532.930664,0,0,0,1,1,1,1,37,3,0,4,1,2,25550,9.1986725,51.3148175
2,8,67.474395,33.085803,2642.362549,0,0,0,0,1,1,1,23,1,0,7,2,1,10150,7.71852225,70.7603875
2,8,67.252615,33.028187,2689.387695,0,0,1,0,1,0,1,50,2,0,5,3,2,22950,7.56143025,81.2811605
2,8,67.464493,33.046088,2593.375488,0,0,1,0,1,0,1,63,3,0,6,2,2,19100,8.58701225,58.21509625
2,8,67.479222,33.167618,2752.278809,0,0,0,0,1,0,1,38,2,0,4,2,2,15750,6.373399,90.6910035
2,8,67.476642,33.172198,2774.458252,0,0,0,1,1,0,1,42,3,1,2,1,1,34500,6.185042,93.0046655
2,8,67.40607,32.969268,2528.24292,0,0,1,0,1,0,1,65,2,0,12,0,0,35783,9.206886,52.2879135
2,8,67.541611,33.155458,2689.383545,0,0,0,0,1,1,1,18,5,4,1,3,1,49075,6.79774925,84.60103225
2,8,67.381673,32.913258,2454.142822,0,0,0,0,1,1,1,35,2,0,3,1,2,39170,9.5609515,50.18326925
2,8,67.422082,32.968407,2521.759277,0,0,1,0,1,1,1,63,1,4,-1,2,2,62150,9.26924625,51.034149
1,8,67.309342,33.349957,3043.37915,0,0,1,0,1,0,1,60,2,0,11,3,2,11600,4.25923875,100.1200048
2,8,67.474812,33.170545,2757.845947,0,0,1,0,1,0,1,73,2,0,3,1,2,48150,6.33415825,91.033657
2,8,67.658655,33.341085,2902.841064,0,0,0,1,1,1,1,36,2,1,5,1,1,11000,5.3894345,98.74175075
2,8,67.252437,33.028278,2689.387695,0,0,0,0,0,1,1,65,2,0,12,3,2,51950,7.56143025,81.2811605
2,8,67.537632,32.955903,2442.325684,0,1,1,0,1,0,1,55,1,0,5,1,2,19830,9.8786145,41.33291925
2,8,67.25331,33.024777,2689.387695,0,0,1,1,1,0,1,35,3,0,4,1,2,63800,7.56143025,81.2811605
2,8,67.252532,33.028267,2689.387695,0,0,1,0,1,0,1,40,2,0,8,2,2,63280,7.56143025,81.2811605
2,8,67.654077,33.368768,2932.893799,0,0,1,1,0,1,1,38,3,0,4,2,2,15000,5.0887425,101.9250928
2,8,67.409005,33.272567,2946.410156,1,0,1,0,1,0,1,60,3,0,8,2,2,47200,5.07161325,103.3655073
2,8,67.654412,33.368915,2932.893799,1,0,1,0,0,1,1,36,2,1,5,2,2,11400,5.0887425,101.9250928
2,8,67.253983,33.037543,2708.797363,0,0,0,0,0,1,1,18,4,0,6,1,2,15075,7.42401725,82.19993575
2,8,67.498663,32.944157,2447.026855,0,0,1,0,1,0,1,45,1,0,7,1,2,91800,9.85244675,41.68676925
2,8,67.382887,33.260262,2949.124512,0,0,1,1,1,0,1,34,4,0,14,3,2,10350,5.1168925,102.785038
2,8,67.47368,33.039558,2587.02124,0,0,1,0,0,0,1,60,2,0,8,2,2,26600,8.6463305,57.3030635
2,8,67.384662,32.912268,2454.142822,0,0,1,0,1,0,1,76,2,1,6,2,2,25475,9.5609515,50.18326925
2,8,67.51161,32.938562,2440.039795,0,0,1,0,1,1,0,38,1,0,9,2,2,22230,9.90247475,41.0810175
2,8,67.459718,33.043975,2593.375488,0,0,1,0,1,1,1,70,1,0,7,1,2,33200,8.58701225,58.21509625
2,8,67.384892,32.912068,2454.142822,0,0,0,0,1,1,1,37,2,0,3,1,2,38300,9.5609515,50.18326925
2,8,67.463293,33.043483,2593.375488,0,0,0,0,1,1,1,36,4,2,0,2,2,38700,8.58701225,58.21509625
2,8,67.426367,32.968368,2521.759277,0,0,1,1,1,0,1,46,6,0,6,3,2,33200,9.26924625,51.034149
2,8,67.252393,33.02809,2689.387695,0,0,1,0,1,1,1,50,2,0,7,1,2,39950,7.56143025,81.2811605
2,8,67.47547,33.085765,2642.362549,0,0,1,0,1,0,1,60,1,0,8,2,2,12625,7.71852225,70.7603875
2,8,67.515003,32.940105,2440.039795,0,0,1,1,1,1,1,50,2,0,8,2,2,17400,9.90247475,41.0810175
2,8,67.395333,33.271952,2951.804199,1,0,0,0,0,1,1,18,3,1,2,2,2,12850,5.044752,103.0457725
2,8,67.372292,33.234495,2931.391113,0,0,1,1,1,0,1,42,3,0,9,3,2,42400,5.30274925,100.8903353
2,8,67.381535,33.262,2949.124512,0,0,1,0,1,1,1,50,2,1,5,1,2,19450,5.1168925,102.785038
2,8,67.476213,33.169802,2757.845947,0,0,1,0,0,0,1,89,3,0,11,3,2,14060,6.33415825,91.033657
2,8,67.430763,32.974662,2532.930664,0,0,0,1,1,1,1,59,2,1,5,1,2,65200,9.1986725,51.3148175
2,8,67.394142,33.270333,2942.666016,1,1,0,0,0,1,0,48,2,0,8,1,2,49100,5.14699875,103.100605
2,8,67.55727,33.003748,2490.602295,0,1,0,0,1,1,1,56,7,0,2,4,2,33850,9.461774,46.70754725
2,8,67.252508,33.028223,2689.387695,0,0,1,0,1,1,1,50,1,0,9,2,2,82550,7.56143025,81.2811605
2,8,67.552987,33.005103,2496.609619,0,1,1,0,1,0,1,65,3,0,11,3,2,10500,9.41019875,47.236904
2,8,67.47642,33.169775,2757.845947,0,1,0,0,1,1,1,30,2,2,8,1,2,14000,6.33415825,91.033657
2,8,67.465897,33.042498,2593.375488,0,0,1,1,1,1,1,50,3,0,6,1,2,15500,8.58701225,58.21509625
2,8,67.472333,33.173302,2774.458252,0,0,0,0,1,1,1,60,3,2,11,2,2,58000,6.185042,93.0046655
2,8,67.47246,33.173405,2774.458252,0,0,1,0,1,1,1,57,2,2,8,2,2,15000,6.185042,93.0046655
2,8,67.55586,33.187315,2732.558594,0,0,0,1,0,0,1,65,3,1,6,2,2,29000,6.37123775,90.278158
2,8,67.414242,32.971222,2528.24292,0,0,1,0,1,0,1,62,2,0,6,3,2,10390,9.206886,52.2879135
2,8,67.37606,33.237798,2931.391113,0,0,0,1,1,1,1,53,2,0,3,1,2,26550,5.30274925,100.8903353
2,8,67.538272,32.953902,2442.325684,0,1,1,0,1,1,1,52,1,0,8,1,2,27900,9.8786145,41.33291925
2,8,67.538927,32.950397,2442.325684,0,1,0,0,1,1,1,50,2,0,5,1,2,10550,9.8786145,41.33291925
2,8,67.53752,32.955842,2442.325684,0,1,1,0,1,1,1,77,1,0,9,1,2,28600,9.8786145,41.33291925
2,8,67.47467,33.1722,2774.458252,0,0,1,1,1,1,1,52,2,0,5,1,2,46100,6.185042,93.0046655
2,8,67.265377,33.102315,2803.876465,0,0,0,1,1,0,1,44,2,0,1,1,2,16600,6.514585,87.85785475
2,8,67.362472,33.230237,2926.23999,0,0,1,0,0,1,1,66,2,0,9,3,2,16750,5.376414,99.693777
2,8,67.230885,33.209637,2976.734131,0,0,0,1,1,1,1,53,4,0,5,2,2,21930,5.0542865,97.80840125
2,8,67.409748,33.073507,2679.562256,1,1,1,1,1,0,1,42,2,0,1,1,2,11650,7.67479675,71.6228715
2,8,67.472188,33.084058,2642.362549,0,0,1,0,1,1,1,69,1,0,6,0,2,10450,7.71852225,70.7603875
2,8,67.472032,33.039147,2587.02124,0,0,1,0,0,0,1,72,1,0,10,2,2,13610,8.6463305,57.3030635
2,8,67.4748,33.04,2587.02124,0,0,1,0,1,0,1,72,2,0,8,2,2,19860,8.6463305,57.3030635
2,8,67.498652,32.9442,2447.026855,1,0,1,0,1,0,1,56,3,0,7,2,2,18400,9.85244675,41.68676925
2,8,67.537577,32.956713,2442.325684,0,1,1,0,1,1,1,54,1,0,6,1,2,17875,9.8786145,41.33291925
2,8,67.393515,33.076723,2686.467773,0,0,1,1,1,0,1,35,2,0,3,1,2,17000,7.60384575,72.73959325
2,8,67.42214,32.968823,2521.759277,0,0,1,0,1,1,1,62,1,0,5,2,2,14860,9.26924625,51.034149
2,8,67.551667,33.182132,2722.486816,0,0,1,0,1,0,1,70,4,0,13,4,2,23575,6.4628,89.16145725
2,8,67.423982,32.967137,2521.759277,0,0,1,0,1,1,1,35,1,0,4,1,2,19450,9.26924625,51.034149
2,8,67.412345,32.999667,2582.31543,0,0,1,0,1,0,1,45,1,0,5,3,2,36820,8.7969915,56.93343925
2,8,67.551598,33.181903,2722.486816,0,0,0,0,1,0,1,65,1,0,8,2,2,20700,6.4628,89.16145725
2,8,67.480234,32.889008,2373.603516,0,0,0,0,0,1,0,54,4,2,1,3,2,27340,10.2534755,38.797666
2,8,67.414368,32.971152,2528.24292,0,0,0,1,1,1,1,40,1,1,4,1,2,39300,9.206886,52.2879135
2,8,67.372318,33.23437,2931.391113,0,0,1,0,1,0,1,52,2,0,10,3,2,73450,5.30274925,100.8903353
2,8,67.537502,32.955462,2442.325684,0,1,0,0,1,1,1,45,1,0,5,1,2,18500,9.8786145,41.33291925
2,8,67.387242,32.911777,2454.142822,0,0,1,1,1,0,1,65,2,0,4,2,2,35400,9.5609515,50.18326925
2,8,67.563067,32.999733,2490.602295,0,1,1,1,1,0,1,65,4,0,4,2,2,21100,9.461774,46.70754725
2,8,67.210563,33.306807,3062.69458,0,0,1,0,0,0,1,45,4,1,10,3,2,35350,4.49697475,98.0051555
2,8,67.469698,33.17425,2774.458252,0,0,1,1,0,0,1,62,4,2,6,2,2,14000,6.185042,93.0046655
2,8,67.382097,33.25958,2949.124512,0,0,1,0,1,0,1,52,5,0,4,1,2,22000,5.1168925,102.785038
2,8,67.53109,32.952952,2442.325684,0,1,1,0,1,0,1,55,1,0,12,0,2,22850,9.8786145,41.33291925
2,8,67.570622,33.194488,2729.106445,0,0,1,0,1,0,1,79,2,0,5,2,2,17600,6.432052,89.26576225
2,8,67.461658,33.047343,2610.157715,0,0,1,0,1,0,1,55,1,3,6,0,0,15050,8.39968025,60.7632495
2,8,67.37681,33.236645,2931.391113,0,0,1,0,0,1,1,70,2,0,13,3,2,34000,5.30274925,100.8903353
2,8,67.470262,33.039498,2587.02124,0,0,1,0,0,0,1,60,2,0,9,4,2,27300,8.6463305,57.3030635
2,8,67.654332,33.368822,2932.893799,0,0,1,0,0,0,1,42,1,0,10,1,2,64500,5.0887425,101.9250928
2,8,67.388343,33.073793,2693.438477,1,1,1,1,1,1,1,50,1,0,1,1,2,31300,7.5310295,73.912283
2,8,67.387532,33.073987,2693.438477,1,0,0,0,1,1,1,40,2,1,4,1,2,31905,7.5310295,73.912283
2,8,67.455325,33.056272,2610.157715,0,0,1,1,1,0,1,60,3,0,6,2,2,42020,8.39968025,60.7632495
2,8,67.382237,33.261172,2949.124512,0,0,1,1,1,1,1,53,2,0,5,1,2,26700,5.1168925,102.785038
2,8,67.478622,33.161663,2757.845947,0,0,0,0,0,1,1,38,4,1,5,3,2,13400,6.33415825,91.033657
2,8,67.329598,33.228388,2941.116699,0,0,1,0,1,1,1,42,2,1,5,3,2,41100,5.27180575,99.34696
2,8,67.454042,33.201253,2833.876709,0,0,0,0,1,1,1,38,2,0,6,3,2,47790,5.84665825,97.62072375
2,8,67.454012,33.201288,2833.876709,0,0,0,0,0,1,1,28,3,0,5,1,1,34250,5.84665825,97.62072375
3,14,65.740192,33.914023,2688.253662,0,0,1,0,1,0,1,34,2,0,4,0,1,18260,7.19949375,107.3372573
3,14,65.74303,33.894023,2660.141357,1,0,1,0,1,1,1,36,3,0,6,0,2,26200,7.3458205,106.134716
3,14,65.73586,33.920501,2688.253662,0,0,1,0,1,0,1,70,2,0,6,1,2,102440,7.19949375,107.3372573
3,14,65.723863,33.891388,2660.851563,0,0,1,0,1,1,1,52,1,0,10,2,0,31400,7.3412435,106.7813513
3,14,65.743925,33.905208,2671.51123,1,0,1,0,1,1,1,45,2,0,7,1,2,49150,7.27461525,106.06835
3,14,65.729548,33.896615,2678.355957,0,0,1,0,1,0,1,30,2,0,6,1,2,31600,7.26944625,107.4371493
3,14,65.913825,33.92008,2687.704102,0,0,1,0,1,1,1,43,2,2,4,1,2,56860,7.19843825,99.0581035
3,14,65.739101,33.91041,2688.253662,0,0,1,0,1,1,1,53,2,1,5,2,2,56680,7.19949375,107.3372573
3,14,65.728922,33.916104,2687.86792,0,0,1,0,1,1,1,50,1,0,6,1,2,26850,7.198985,107.8960418
3,14,65.716944,33.911993,2687.628662,0,0,1,0,1,0,1,42,3,0,7,1,2,63110,7.197862,108.3602885
3,14,65.725214,33.918106,2687.86792,0,0,1,0,1,1,1,32,2,2,2,0,1,39485,7.198985,107.8960418
3,14,65.744113,33.893281,2659.595459,1,0,1,0,1,1,1,60,2,0,6,1,2,42300,7.3501965,105.3732473
3,14,65.709555,33.914323,2687.628662,0,0,1,0,1,0,1,35,1,0,5,1,2,71050,7.197862,108.3602885
3,14,65.689887,33.934054,2706.308838,1,0,1,0,1,1,1,52,2,2,5,1,2,39000,7.0680805,109.0029525
3,14,65.735977,33.913632,2688.253662,0,0,1,0,1,0,1,50,2,1,7,1,2,68500,7.19949375,107.3372573
3,14,65.723137,33.919708,2687.86792,0,0,1,0,0,1,1,30,2,1,4,1,2,25660,7.198985,107.8960418
3,14,65.741826,33.907216,2678.832764,0,0,1,0,1,0,1,35,1,0,8,0,2,33100,7.2719725,106.8469998
3,14,65.739587,33.911693,2688.253662,0,0,1,0,0,1,1,28,1,0,4,0,2,38600,7.19949375,107.3372573
3,14,65.702406,33.84619,2606.682373,1,1,1,0,1,1,1,36,1,0,3,1,2,45800,7.540404,104.4613268
3,14,65.722492,33.91987,2687.86792,0,0,1,0,1,0,1,50,2,1,7,2,2,13760,7.198985,107.8960418
3,14,65.727344,33.910334,2687.86792,0,0,1,0,1,1,1,50,3,0,10,2,2,48950,7.198985,107.8960418
3,14,65.740581,33.911957,2688.253662,0,0,1,0,1,1,1,35,2,0,8,2,2,24650,7.19949375,107.3372573
3,14,65.722484,33.919807,2687.86792,0,0,1,0,1,0,1,40,2,1,6,1,2,11815,7.198985,107.8960418
3,14,65.729616,33.896747,2678.355957,0,0,1,0,0,1,1,30,1,0,3,1,2,30280,7.26944625,107.4371493
3,14,65.744799,33.894542,2659.595459,1,0,1,0,1,0,1,30,2,0,4,1,2,62950,7.3501965,105.3732473
3,14,65.725625,33.923776,2696.790527,0,0,1,0,1,1,1,42,4,2,5,0,1,33125,7.129766,108.2205448
3,14,65.727337,33.910425,2687.86792,0,0,1,0,1,1,1,40,1,0,4,1,2,14810,7.198985,107.8960418
3,14,65.738925,33.913523,2688.253662,0,0,1,0,1,0,1,70,2,1,2,0,1,17530,7.19949375,107.3372573
3,11,66.499982,33.736833,2379.098877,0,0,1,1,1,0,1,27,1,6,0,1,1,46500,7.43893725,36.29879225
3,11,66.526167,33.790981,2427.662842,0,0,1,0,1,1,1,30,2,0,5,1,2,58550,7.02146575,37.24918075
3,11,66.594545,33.674836,2417.331299,0,1,1,1,1,1,1,28,1,5,0,2,2,51250,7.53487475,30.60782325
3,11,66.74134,33.628767,2603.137939,0,0,1,1,1,1,1,45,1,3,3,3,2,73100,6.63485625,34.41706075
3,11,66.565209,33.75984,2431.19043,0,1,1,0,1,1,1,63,6,2,1,3,2,64500,7.0339495,35.1046565
3,11,66.541072,33.802977,2443.353271,0,0,1,1,1,1,1,45,3,4,2,2,1,47800,6.9231645,37.096322
3,11,66.640003,33.612882,2451.530273,0,1,1,1,1,1,1,43,1,10,0,1,2,32100,7.60161525,30.001214
3,11,66.552465,33.759561,2420.969238,1,1,1,1,1,1,1,36,2,5,2,2,2,42750,7.0784945,35.43820525
3,11,66.554176,33.76191,2420.969238,0,1,1,0,1,1,1,60,3,2,1,1,1,61200,7.0784945,35.43820525
3,11,66.556007,33.76562,2431.19043,0,1,1,1,1,0,0,60,1,2,2,0,0,82450,7.0339495,35.1046565
3,11,66.431255,33.766563,2357.862793,0,0,1,1,1,0,1,50,1,1,3,0,2,35100,7.491291,41.438902
3,11,66.571431,33.66583,2398.372559,0,1,1,1,0,1,1,30,1,6,0,1,2,26300,7.723739,30.53437025
3,11,66.554177,33.76191,2420.969238,0,1,1,0,0,1,1,60,4,1,1,1,1,64600,7.0784945,35.43820525
3,11,66.6514,33.61018,2468.816162,0,0,1,1,0,0,1,35,4,6,0,0,0,10850,7.52175325,30.2800255
3,11,66.54595,33.682676,2378.232666,0,1,1,0,0,0,1,46,1,8,0,1,2,21100,7.75950075,31.21596775
3,11,66.491254,33.747438,2371.362793,1,1,1,1,1,1,1,58,3,2,4,2,2,62400,7.384315,37.48067775
3,11,66.473858,33.722155,2349.723877,0,0,1,1,1,1,1,35,1,9,0,0,0,52100,7.63503125,36.6644605
3,11,66.562505,33.765189,2431.19043,0,0,1,1,0,1,1,45,4,1,2,2,2,89900,7.0339495,35.1046565
3,11,66.642443,33.615677,2468.816162,0,1,1,0,1,1,1,35,9,7,0,4,2,22000,7.52175325,30.2800255
3,11,66.534507,33.746995,2403.667969,0,1,1,1,1,1,1,80,2,2,3,1,1,74428,7.20566525,35.34723225
3,11,66.477267,33.722683,2349.723877,0,0,1,1,1,0,1,63,2,13,0,0,0,23950,7.63503125,36.6644605
3,11,66.421713,33.644777,2280.556152,0,1,0,1,1,1,1,45,1,2,16,0,1,65700,8.45329475,33.2062625
3,11,66.587498,33.780991,2464.018066,0,0,1,1,1,1,1,50,2,2,3,1,1,76600,6.88640975,35.01851175
3,11,66.561865,33.704719,2400.793457,0,1,1,0,1,1,1,42,1,2,2,1,1,45900,7.52940475,32.21676325
3,11,66.506125,33.772775,2411.958984,0,0,1,1,1,0,1,70,2,8,1,2,1,21350,7.12947225,37.3903465
3,11,66.540965,33.802972,2443.353271,0,0,1,1,1,1,1,44,4,3,1,2,1,58750,6.9231645,37.096322
3,11,66.562555,33.777328,2438.04126,0,0,1,0,1,1,1,52,2,3,2,2,2,74780,6.96562875,35.4580775
3,11,66.653405,33.607518,2471.848633,0,0,1,1,1,0,1,35,2,10,0,2,2,45930,7.561438,30.25720975
3,11,66.547263,33.689227,2383.582275,0,1,1,0,1,0,1,57,2,1,4,1,1,55950,7.67638075,31.7806465
3,11,66.589365,33.781037,2464.018066,0,0,1,0,1,1,1,57,2,1,5,3,2,61100,6.88640975,35.01851175
3,11,66.559103,33.701087,2400.793457,0,1,1,0,1,1,1,28,1,3,3,1,1,106400,7.52940475,32.21676325
3,11,66.589138,33.781191,2464.018066,0,0,1,1,1,1,1,67,2,0,6,1,1,78840,6.88640975,35.01851175
3,11,66.442727,33.752518,2354.566162,0,0,1,1,1,1,1,60,2,1,12,2,2,46050,7.53403675,39.72846125
3,11,66.558171,33.761855,2431.19043,0,1,1,1,1,0,1,50,3,2,3,2,2,35050,7.0339495,35.1046565
3,11,66.47772,33.756023,2365.564941,0,0,1,0,1,1,1,36,1,0,6,1,1,53400,7.432634,38.15147675
3,11,66.561012,33.677655,2390.356689,0,1,1,1,0,0,1,56,1,6,0,0,0,44750,7.70836875,31.0619455
3,11,66.656267,33.609918,2485.957275,0,0,1,1,1,1,1,50,3,6,0,1,1,99130,7.4331045,30.618631
3,11,66.558609,33.620927,2361.596924,1,1,1,0,0,1,1,19,1,5,0,2,2,55230,7.942272,29.396012
3,11,66.431993,33.642487,2286.315918,0,1,1,0,1,0,1,55,0,0,9,0,2,22000,8.38297525,32.68994775
3,11,66.554694,33.762746,2420.969238,0,0,1,1,1,1,1,70,2,1,2,1,1,30420,7.0784945,35.43820525
3,11,66.549313,33.691785,2383.582275,0,1,1,0,0,1,1,40,1,6,0,1,1,19180,7.67638075,31.7806465
3,11,66.559453,33.762781,2431.19043,0,0,1,1,1,1,1,40,1,0,4,2,1,18180,7.0339495,35.1046565
3,11,66.539947,33.803025,2443.353271,0,0,1,1,0,1,1,30,1,2,5,1,0,64800,6.9231645,37.096322
3,11,66.56296,33.703431,2400.793457,0,1,1,0,1,0,1,63,2,7,7,2,1,71700,7.52940475,32.21676325
3,11,66.558051,33.616013,2359.173828,1,1,1,1,1,0,1,65,4,9,0,3,2,93850,7.990355,29.16296225
3,11,66.553951,33.761123,2420.969238,1,1,1,0,1,1,1,58,5,2,5,6,2,76150,7.0784945,35.43820525
3,11,66.442673,33.753675,2354.566162,0,0,1,0,1,0,1,48,1,2,4,4,2,38600,7.53403675,39.72846125
3,11,66.415715,33.640147,2274.865479,0,1,1,1,1,0,1,27,1,0,3,1,2,89600,8.53184975,33.706027
3,11,66.568329,33.707213,2412.68042,0,1,1,1,1,1,1,39,1,4,7,2,2,97950,7.47580425,32.05207975
3,11,66.559543,33.761749,2431.19043,1,0,1,1,1,1,1,30,2,1,3,0,0,87100,7.0339495,35.1046565
3,11,66.508478,33.774417,2411.958984,0,0,1,1,0,1,1,22,2,2,0,0,0,73150,7.12947225,37.3903465
3,11,66.541193,33.80788,2443.353271,0,0,1,1,1,0,1,45,3,6,0,1,1,62750,6.9231645,37.096322
3,11,66.692743,33.619922,2536.077637,0,0,1,1,0,0,1,70,2,2,5,2,2,46650,7.08836375,32.09906
3,11,66.499758,33.73801,2379.098877,0,1,1,1,1,1,1,42,3,4,0,1,1,73000,7.43893725,36.29879225
3,11,66.425958,33.634523,2280.556152,0,0,1,1,1,0,1,70,3,1,7,1,0,59500,8.45329475,33.2062625
3,11,66.561111,33.762607,2431.19043,0,0,1,0,0,1,1,45,3,2,2,1,1,19800,7.0339495,35.1046565
3,11,66.580123,33.650289,2397.135498,0,1,1,0,0,1,1,60,2,7,0,1,2,49830,7.72762325,29.91106625
3,11,66.537142,33.603642,2334.291748,1,1,1,1,0,1,1,40,1,9,0,5,2,20600,8.1424655,28.9324025
3,11,66.642938,33.616203,2468.816162,0,1,1,0,1,1,1,27,2,3,0,3,1,18000,7.52175325,30.2800255
3,11,66.696875,33.620102,2536.077637,0,0,1,1,1,1,1,35,1,2,3,2,2,70950,7.08836375,32.09906
3,11,66.510363,33.776202,2411.958984,0,0,1,1,1,0,1,53,3,7,0,3,2,33750,7.12947225,37.3903465
3,11,66.437387,33.753508,2349.399658,0,0,1,1,0,1,1,55,2,3,5,1,2,50750,7.58669025,40.64687725
3,11,66.653118,33.6085,2468.816162,0,0,1,1,0,0,1,70,3,3,0,1,2,67500,7.52175325,30.2800255
3,11,66.504571,33.749505,2387.613037,1,0,1,0,1,0,1,50,1,1,2,0,0,54520,7.34038775,36.94341375
3,11,66.541352,33.803727,2443.353271,0,0,1,1,1,0,1,28,1,3,0,1,1,42000,6.9231645,37.096322
3,11,66.65174,33.610572,2468.816162,0,0,1,1,1,0,1,70,1,9,1,2,2,18050,7.52175325,30.2800255
3,11,66.558431,33.70364,2400.793457,0,1,1,1,1,1,1,56,2,3,8,1,1,90470,7.52940475,32.21676325
3,11,66.558798,33.760889,2431.19043,0,0,1,1,1,1,1,65,3,1,8,2,2,51550,7.0339495,35.1046565
3,11,66.533986,33.692161,2372.051514,0,1,1,1,1,1,1,54,1,0,10,2,2,98050,7.72386025,32.0157175
3,11,66.647215,33.607775,2471.848633,0,0,1,1,1,0,1,63,3,7,0,4,2,72150,7.561438,30.25720975
3,11,66.554291,33.762075,2420.969238,0,0,1,1,1,1,1,35,3,2,3,0,0,87050,7.0784945,35.43820525
3,11,66.615087,33.754717,2473.061035,0,0,0,0,0,1,0,45,4,4,1,4,1,57100,6.925496,33.93332375
3,11,66.559646,33.761723,2431.19043,0,1,1,0,1,1,1,63,2,1,2,1,1,65150,7.0339495,35.1046565
3,11,66.473605,33.721742,2349.723877,0,0,1,1,1,1,1,33,3,5,0,2,2,23650,7.63503125,36.6644605
3,11,66.61507,33.754866,2473.061035,0,0,0,0,0,1,1,19,3,2,0,2,2,100900,6.925496,33.93332375
3,11,66.491478,33.711965,2348.21875,1,0,1,1,1,1,1,40,1,0,6,1,2,74850,7.6931925,35.23011225
3,11,66.665467,33.631457,2482.971191,0,1,1,1,0,1,1,40,3,0,6,3,2,19850,7.3866405,30.69247475
3,11,66.431345,33.766337,2357.862793,0,0,1,1,1,0,1,80,4,2,10,2,2,29000,7.491291,41.438902
3,11,66.565057,33.676792,2390.356689,0,1,1,0,1,1,1,65,3,9,0,1,2,70400,7.70836875,31.0619455
3,11,66.554163,33.762352,2420.969238,0,1,1,0,1,1,1,60,2,1,3,2,2,48600,7.0784945,35.43820525
3,11,66.562314,33.618413,2359.173828,1,1,1,0,0,1,1,45,4,4,0,1,1,16790,7.990355,29.16296225
3,11,66.436168,33.638733,2286.315918,0,0,1,1,0,0,1,40,0,0,4,1,2,64100,8.38297525,32.68994775
3,11,66.563159,33.760153,2431.19043,0,0,1,1,1,1,1,40,2,0,10,0,0,73600,7.0339495,35.1046565
3,11,66.565186,33.707551,2400.793457,0,1,1,0,0,1,1,40,1,9,0,2,1,29150,7.52940475,32.21676325
3,11,66.650528,33.605993,2471.848633,0,0,1,1,1,0,1,35,1,8,0,1,1,54000,7.561438,30.25720975
3,11,66.428093,33.636995,2280.556152,0,0,1,1,1,0,1,40,1,1,3,1,1,29500,8.45329475,33.2062625
3,11,66.587517,33.779592,2464.018066,0,0,1,1,1,1,1,25,2,0,3,0,2,39100,6.88640975,35.01851175
3,11,66.43343,33.639578,2286.315918,0,0,1,1,1,1,1,60,3,1,6,0,0,42400,8.38297525,32.68994775
3,11,66.615047,33.755422,2473.061035,0,0,1,0,0,1,1,25,5,6,1,4,2,70800,6.925496,33.93332375
3,11,66.54754,33.689013,2383.582275,0,1,1,0,0,1,1,35,2,7,0,1,1,24910,7.67638075,31.7806465
3,11,66.582561,33.655484,2397.135498,0,1,1,0,0,1,1,25,1,4,0,0,0,46400,7.72762325,29.91106625
1,2,68.027717,34.66502,3096.400146,1,1,0,1,0,1,1,23,2,0,33,4,1,55500,1.5446185,52.62107175
1,2,67.984134,34.828932,3055.071777,1,1,1,0,0,1,1,36,3,1,4,1,1,102200,1.68571175,49.56667775
1,2,68.028622,34.662952,3096.400146,0,0,1,1,0,0,1,60,1,0,14,0,0,46000,1.5446185,52.62107175
1,2,68.005909,34.696457,3085.562012,1,0,1,1,0,1,1,52,2,0,10,2,1,75310,1.54689875,51.80573925
1,2,68.006805,34.774734,3087.162109,1,0,1,1,1,1,1,34,2,0,4,2,2,26000,1.59673725,52.3140345
1,2,67.80071137,34.74655,2897.250488,1,0,1,1,1,0,1,28,4,12,0,6,2,35600,1.45046775,38.21437725
1,2,68.032757,34.65774,3107.98999,1,0,1,1,0,1,1,40,3,0,5,2,1,70350,1.553165,53.419742
1,2,68.027122,34.65421,3095.630859,1,1,0,0,0,1,1,35,0,1,4,0,0,13497,1.54316075,52.65797225
1,2,68.004145,34.695629,3085.562012,1,0,1,0,0,0,1,45,1,1,4,1,2,56990,1.54689875,51.80573925
1,2,68.005032,34.793536,3087.173828,1,0,1,1,0,0,1,40,2,0,10,3,1,61120,1.61286725,52.25363825
1,2,68.009304,34.684907,3085.469971,1,1,1,0,1,1,1,60,2,0,8,2,2,32300,1.5424045,51.77065075
1,2,68.006104,34.699277,3085.562012,1,0,1,1,1,1,1,56,2,2,12,3,2,82600,1.54689875,51.80573925
1,2,68.026277,34.661783,3096.400146,0,0,1,0,0,0,1,30,1,0,4,1,1,44000,1.5446185,52.62107175
1,2,68.033274,34.662978,3107.98999,1,0,1,1,0,1,1,21,2,0,8,1,1,104450,1.553165,53.419742
1,2,68.005647,34.798208,3089.374756,1,1,1,1,0,0,1,87,2,0,9,0,0,42610,1.63666225,52.33674625
1,2,68.00691,34.773586,3087.162109,1,1,1,0,0,0,1,40,1,0,4,1,2,25860,1.59673725,52.3140345
1,2,68.028933,34.665476,3107.98999,1,0,1,0,0,1,1,66,3,0,13,5,2,32000,1.553165,53.419742
1,2,68.005818,34.693371,3085.469971,1,0,1,0,0,1,1,44,1,1,8,1,2,80420,1.5424045,51.77065075
1,2,68.030856,34.660756,3107.98999,1,0,1,1,0,1,1,25,10,0,0,4,2,86000,1.553165,53.419742
1,2,67.984433,34.828872,3055.071777,1,1,1,1,1,0,1,70,2,1,8,3,2,31700,1.68571175,49.56667775
1,2,68.019122,34.667538,3096.400146,1,1,1,0,1,0,1,56,5,1,6,3,1,69300,1.5446185,52.62107175
1,2,68.037833,34.660002,3107.98999,1,1,1,1,1,0,1,27,4,1,7,3,1,56000,1.553165,53.419742
1,2,68.034992,34.658082,3107.98999,1,1,0,1,0,1,1,17,3,0,9,1,1,89250,1.553165,53.419742
1,2,68.007192,34.700107,3085.562012,1,0,1,1,0,1,0,75,1,0,4,0,0,57000,1.54689875,51.80573925
1,2,68.003887,34.688537,3085.469971,1,0,1,1,0,1,1,24,5,0,2,2,1,38700,1.5424045,51.77065075
1,2,68.007382,34.776512,3087.162109,1,1,1,0,0,1,1,31,3,0,15,3,1,47200,1.59673725,52.3140345
1,2,68.02939,34.664124,3107.98999,1,1,1,1,0,0,1,20,3,0,5,4,1,17250,1.553165,53.419742
2,9,67.737762,33.184392,2652.060547,0,0,1,1,1,0,1,39,4,0,8,1,2,87900,7.489577,71.9871275
2,9,67.76535,33.189723,2634.534668,0,0,1,0,1,1,1,48,2,0,6,1,2,50400,7.58510875,69.87267875
3,13,65.768343,33.634454,2282.486328,0,0,1,1,1,1,1,75,1,1,6,0,0,48500,9.67058575,60.95966825
3,13,65.785303,33.635468,2284.510254,1,0,1,1,1,0,1,50,3,2,10,3,2,42480,9.68142975,60.174698
3,13,65.699383,33.471691,2108.031006,1,1,1,1,1,0,1,45,1,0,7,4,1,65500,10.97424225,44.7425865
3,13,65.731055,33.535099,2151.206299,0,0,0,1,1,1,1,22,3,1,6,0,0,31950,10.4622605,48.485815
3,13,65.698976,33.472069,2108.031006,1,1,1,1,1,1,1,42,1,0,9,2,1,46900,10.97424225,44.7425865
3,13,65.768352,33.635081,2282.486328,1,0,0,1,0,1,1,22,1,1,7,1,1,96970,9.67058575,60.95966825
3,13,65.774765,33.638598,2282.486328,1,0,1,1,1,0,1,65,3,0,7,1,1,44960,9.67058575,60.95966825
3,13,65.76024,33.63537,2280.319092,1,0,1,1,1,0,1,45,2,0,7,1,1,83800,9.6641375,61.6109485
3,13,65.789118,33.643483,2284.510254,0,0,1,0,1,1,1,35,1,1,4,0,0,10080,9.68142975,60.174698
3,13,65.786257,33.637503,2284.510254,1,1,1,0,1,1,1,27,1,1,12,2,1,71480,9.68142975,60.174698
3,13,65.908393,33.450544,2070.218994,0,1,1,1,1,1,1,56,1,0,6,2,0,23140,11.23024225,35.3208555
3,13,65.787097,33.639072,2284.510254,1,0,1,0,1,1,1,48,4,1,9,2,2,66600,9.68142975,60.174698
3,13,65.755765,33.634833,2280.319092,0,0,1,0,1,1,1,40,1,2,5,0,0,31720,9.6641375,61.6109485
3,13,65.907497,33.450461,2070.218994,0,1,1,0,1,1,1,27,2,0,5,2,1,84840,11.23024225,35.3208555
3,13,65.699729,33.473512,2108.031006,1,1,1,1,1,0,1,70,2,0,14,0,0,25700,10.97424225,44.7425865
3,13,65.774838,33.638593,2282.486328,1,1,1,1,1,0,1,37,1,0,11,0,0,30700,9.67058575,60.95966825
3,13,65.779055,33.438178,2075.155273,1,1,1,1,1,0,1,36,1,0,7,0,0,32840,11.51403425,37.5332885
3,13,65.909327,33.452325,2070.218994,1,0,0,1,1,1,1,45,1,1,4,0,0,43071,11.23024225,35.3208555
3,13,65.754325,33.621737,2281.709229,0,0,1,0,1,1,1,33,1,1,7,1,1,77340,9.7670805,59.297537
3,13,65.763705,33.632637,2282.800781,0,0,0,0,0,1,0,18,2,1,5,1,1,55440,9.77156775,58.75579625
3,13,65.69873,33.475125,2108.031006,1,0,1,1,1,0,1,30,1,0,6,0,0,39420,10.97424225,44.7425865
3,13,65.907979,33.455735,2070.218994,0,1,0,0,0,1,1,19,1,2,6,0,0,56660,11.23024225,35.3208555
3,13,65.90741,33.450607,2070.218994,1,0,1,1,1,1,1,25,1,0,1,1,1,20730,11.23024225,35.3208555
3,13,65.764075,33.637172,2280.319092,1,1,1,1,1,0,1,50,3,1,15,2,1,43290,9.6641375,61.6109485
3,13,65.779173,33.641518,2282.486328,0,0,1,0,1,1,1,26,2,1,2,0,0,18150,9.67058575,60.95966825
3,13,65.758815,33.6293,2282.800781,0,0,1,1,1,0,1,35,2,1,5,2,2,40970,9.77156775,58.75579625
3,13,65.77865,33.44004,2075.155273,1,1,1,1,1,0,1,47,1,0,9,1,1,82990,11.51403425,37.5332885
3,13,65.906542,33.450507,2070.218994,1,0,1,1,1,0,1,28,1,0,10,0,0,71080,11.23024225,35.3208555
3,13,65.768801,33.634995,2282.486328,1,1,1,1,1,1,1,28,3,1,6,0,0,74956,9.67058575,60.95966825
3,13,65.910322,33.449142,2070.218994,1,0,1,1,1,0,1,60,5,0,7,2,1,37395,11.23024225,35.3208555
3,13,65.76844,33.635783,2282.486328,1,1,1,1,1,0,1,60,1,2,6,1,1,41320,9.67058575,60.95966825
3,13,65.75445,33.621235,2281.709229,0,0,1,1,1,1,1,35,3,1,5,1,1,10380,9.7670805,59.297537
3,13,65.768683,33.634858,2282.486328,1,0,1,0,1,0,1,35,1,0,5,0,0,16820,9.67058575,60.95966825
3,13,65.699882,33.473689,2108.031006,1,0,1,1,1,0,1,30,4,0,16,0,0,52520,10.97424225,44.7425865
3,13,65.769325,33.635631,2282.486328,1,0,1,1,1,0,1,70,3,3,1,0,0,51100,9.67058575,60.95966825
3,13,65.768378,33.635316,2282.486328,1,1,1,1,1,1,1,21,2,0,5,0,0,72610,9.67058575,60.95966825
3,13,65.779122,33.439554,2075.155273,1,1,1,0,1,0,1,28,2,0,11,0,0,54300,11.51403425,37.5332885
3,13,65.778548,33.439638,2075.155273,1,0,1,0,1,0,1,35,2,0,4,0,0,99300,11.51403425,37.5332885
3,13,65.774345,33.638378,2282.486328,1,1,1,0,1,1,1,40,1,0,7,2,1,90400,9.67058575,60.95966825
3,13,65.731295,33.535035,2151.206299,1,1,0,1,0,1,1,20,2,1,7,0,0,45100,10.4622605,48.485815
3,13,65.773907,33.637842,2282.486328,1,1,1,1,0,0,1,55,3,1,7,2,1,59996,9.67058575,60.95966825
2,7,67.464662,33.548775,3217.234619,0,0,1,1,1,0,1,43,3,0,8,2,2,11480,2.4626925,112.5553283
2,7,67.377975,33.297818,2987.975586,1,0,1,0,0,0,1,65,1,0,4,1,2,18700,4.77349025,103.0950468
2,7,67.462162,33.542528,3209.418701,0,0,1,0,1,0,1,60,2,0,9,2,2,19000,2.52750475,112.9308088
2,7,67.309413,33.34967,3043.37915,0,0,1,0,0,1,1,70,2,3,15,2,1,64650,4.25923875,100.1200048
2,7,67.28999,33.339005,3043.526855,0,0,1,0,1,1,1,63,3,0,5,2,2,13900,4.3260205,100.097908
2,7,67.462592,33.543417,3209.418701,0,0,1,1,1,0,1,27,5,0,3,3,2,15450,2.52750475,112.9308088
2,7,67.465323,33.547957,3217.234619,0,0,1,0,1,0,1,67,3,0,11,3,2,33750,2.4626925,112.5553283
2,7,67.444373,33.397253,3061.267578,0,0,1,0,1,0,1,67,2,0,9,2,2,10650,3.89218125,108.7617073
2,7,67.484722,33.322928,2969.552002,0,0,0,0,1,0,0,65,2,1,3,1,2,19150,4.81247175,106.5890255
2,7,67.493918,33.324515,2965.741699,0,0,1,1,1,0,1,79,4,0,8,2,1,20700,4.84140225,106.5848675
1,7,67.211952,33.307883,3062.69458,0,0,1,0,0,1,1,76,2,0,7,1,2,48850,4.49697475,98.0051555
2,7,67.464965,33.549107,3217.234619,0,0,0,0,1,0,1,50,2,0,6,2,1,31450,2.4626925,112.5553283
2,7,67.445632,33.538262,3203.520996,0,0,1,0,0,1,1,35,3,0,8,2,2,23750,2.54721,112.3860475
2,7,67.206067,33.305952,3062.69458,0,0,0,0,0,1,1,40,2,1,6,2,1,101150,4.49697475,98.0051555
2,7,67.288693,33.335532,3043.526855,0,0,1,0,1,1,1,52,2,0,3,1,2,64700,4.3260205,100.097908
2,7,67.30786,33.348537,3043.37915,0,0,1,1,1,0,1,80,3,0,1,1,2,13600,4.25923875,100.1200048
2,7,67.500282,33.32292,2965.741699,0,0,0,1,1,1,1,57,5,1,4,3,2,11600,4.84140225,106.5848675
2,7,67.288527,33.33813,3043.526855,0,0,1,0,1,1,1,30,2,0,2,1,2,22850,4.3260205,100.097908
2,7,67.292437,33.340678,3038.806152,0,0,0,0,1,1,1,40,2,1,5,2,2,16100,4.334694,99.93574725
2,7,67.497415,33.323285,2965.741699,1,0,0,1,1,1,1,41,2,0,12,1,2,32450,4.84140225,106.5848675
2,7,67.442447,33.544003,3203.520996,0,0,1,0,1,0,1,30,4,0,8,2,2,26450,2.54721,112.3860475
2,7,67.205945,33.305835,3062.69458,0,0,1,0,1,1,1,60,2,1,9,1,2,23600,4.49697475,98.0051555
2,7,67.212097,33.307962,3062.69458,0,0,1,0,1,1,1,43,2,0,6,1,2,20050,4.49697475,98.0051555
2,7,67.462793,33.541597,3209.418701,0,0,1,1,0,1,1,30,5,0,11,2,2,15400,2.52750475,112.9308088
2,7,67.205868,33.306055,3062.69458,0,0,1,1,1,1,1,59,3,0,4,2,1,10050,4.49697475,98.0051555
2,7,67.445172,33.398138,3061.267578,0,0,0,0,0,0,1,40,2,0,7,2,2,48100,3.89218125,108.7617073
2,7,67.19687,33.294213,3059.322266,0,0,1,0,1,1,1,53,2,0,5,3,2,14550,4.54837625,97.69338225
2,7,67.484755,33.322905,2969.552002,1,0,1,1,1,0,1,55,4,0,7,2,2,76200,4.81247175,106.5890255
2,7,67.497547,33.324057,2965.741699,0,0,1,0,1,0,1,57,2,0,3,1,2,11100,4.84140225,106.5848675
2,7,67.46036,33.537755,3209.418701,0,0,0,0,1,1,1,40,2,0,6,2,2,10550,2.52750475,112.9308088
2,7,67.487187,33.325888,2969.552002,0,0,1,0,0,1,1,68,2,0,5,2,2,13000,4.81247175,106.5890255
2,7,67.458337,33.535005,3209.418701,0,0,0,0,1,1,1,50,1,0,4,1,1,13600,2.52750475,112.9308088
2,7,67.294567,33.340973,3038.806152,0,0,1,0,1,1,1,62,1,0,4,1,2,82000,4.334694,99.93574725
2,7,67.207022,33.307435,3062.69458,0,0,1,0,1,1,1,65,2,0,9,3,2,11850,4.49697475,98.0051555
2,7,67.465808,33.549123,3217.234619,0,0,1,0,1,1,1,42,2,0,5,2,1,29350,2.4626925,112.5553283
2,7,67.464925,33.548288,3217.234619,0,0,1,1,1,1,1,32,7,0,11,3,2,62700,2.4626925,112.5553283
2,7,67.163698,33.143158,2921.532959,0,0,0,1,1,0,1,40,2,1,9,2,2,21350,5.73129475,94.4683325
2,7,67.171653,33.147953,2923.617676,0,0,1,1,1,0,1,62,3,0,10,2,2,13700,5.579231,94.883461
1,1,67.396551,34.759226,3116.581299,1,1,1,1,0,1,1,33,1,1,13,0,2,12600,0.78560875,42.57450075
1,1,67.422653,34.794834,3091.991211,1,0,1,1,1,1,1,28,5,0,2,3,2,75300,0.83620275,42.49066525
1,1,67.422138,34.793284,3094.246338,1,1,1,0,1,1,1,28,2,0,11,3,2,64800,0.829039,42.211137
1,1,67.633326,34.733898,2959.890137,1,1,1,1,1,0,1,79,1,0,6,0,0,93275,1.150476,38.35241325
1,1,67.700417,34.765414,2921.043701,1,1,0,1,0,1,1,30,2,1,6,0,0,83900,1.33311875,38.035247
1,1,67.829674,34.819677,2879.52124,1,1,1,0,0,0,1,45,5,2,-1,2,1,76600,1.565526,39.12855925
1,1,67.70073,34.764996,2921.043701,1,1,1,1,1,1,1,75,2,1,2,0,0,49835,1.33311875,38.035247
1,1,67.830865,34.81936,2879.52124,1,1,1,0,1,1,1,42,5,2,0,2,2,43350,1.565526,39.12855925
1,1,67.85106,34.73493,2929.560059,1,0,0,0,1,1,1,52,0,3,4,1,1,76891.5,1.4768605,40.15636075
1,1,67.835777,34.829301,2877.168457,1,1,1,0,1,1,1,35,3,1,6,0,0,89375,1.595129,38.995288
1,1,67.700612,34.765486,2921.043701,1,1,1,1,0,0,1,58,5,0,5,0,0,28500,1.33311875,38.035247
1,1,67.828054,34.819712,2867.865479,0,1,0,1,1,1,1,35,2,1,1,1,1,45100,1.5535725,38.72860325
1,1,67.417666,34.786237,3094.246338,1,1,1,1,0,1,1,50,1,10,0,5,1,39400,0.829039,42.211137
1,1,67.833734,34.81881,2879.52124,1,1,1,0,0,1,1,32,1,0,6,0,0,40000,1.565526,39.12855925
1,1,67.430329,34.790071,3085.0896,1,1,1,0,1,1,1,44,1,0,7,3,1,35225,0.84546975,41.82230925
1,1,67.836008,34.739752,2922.680176,1,0,1,0,0,0,1,35,1,0,8,1,1,50900,1.4673835,39.769951
1,1,67.83856,34.7981,2884.801025,0,1,1,0,0,1,1,48,1,0,11,0,0,84090,1.542146,39.2583275
1,1,67.828488,34.81827,2867.865479,1,1,1,0,0,0,1,40,6,1,1,1,1,85770,1.5535725,38.72860325
1,1,67.700595,34.765304,2921.043701,1,1,1,0,1,0,1,58,2,0,1,0,0,28120,1.33311875,38.035247
1,1,67.396598,34.75947,3116.581299,0,1,1,0,0,0,1,40,1,1,5,0,0,84225,0.78560875,42.57450075
1,1,67.848703,34.748162,2923.131836,1,1,1,0,0,1,1,46,2,0,10,2,2,87930,1.489187,40.01041025
1,1,67.842761,34.81172,2891.425293,1,1,1,0,0,1,1,38,2,2,18,0,1,12680,1.576416,39.54576025
1,1,67.700597,34.76529,2921.043701,1,1,1,0,1,1,1,35,1,0,7,1,1,56370,1.33311875,38.035247
1,1,67.841541,34.812062,2891.425293,1,1,1,1,0,0,1,46,2,1,5,0,0,29490,1.576416,39.54576025
1,1,67.837672,34.799391,2884.801025,0,1,1,1,0,0,1,47,1,0,7,0,1,42100,1.542146,39.2583275
1,1,67.794635,34.829055,2850.470703,1,1,1,1,1,0,1,66,5,1,10,0,0,52000,1.56263975,37.7877435
1,1,67.700595,34.765304,2921.043701,1,1,1,0,1,1,1,55,1,0,7,2,2,62880,1.33311875,38.035247
1,1,67.39661,34.759208,3116.581299,1,1,1,1,0,0,1,32,1,0,5,0,0,83050,0.78560875,42.57450075
1,1,67.70079,34.764998,2921.043701,1,1,1,1,0,0,1,80,3,0,6,0,0,47940,1.33311875,38.035247
1,1,67.636284,34.734705,2959.890137,1,1,1,0,1,0,1,60,1,0,6,0,0,33340,1.150476,38.35241325
1,1,67.396692,34.759247,3116.581299,1,1,1,0,1,1,1,28,1,0,5,2,1,92800,0.78560875,42.57450075
1,1,67.633326,34.733898,2959.890137,1,1,1,1,1,0,1,57,1,0,6,0,0,24950,1.150476,38.35241325
3,10,67.013512,33.691653,2851.985596,0,0,1,0,1,1,1,56,2,1,3,1,2,28400,4.52807125,45.97389725
3,10,66.775725,33.761164,2584.734863,0,0,1,1,1,1,1,40,2,0,9,2,2,66840,5.83695525,32.294627
3,10,66.771888,33.628935,2648.801758,0,0,1,0,1,1,1,53,2,1,5,1,1,37825,6.30803375,35.77798775
3,10,66.968383,33.668467,2836.337402,0,1,1,0,0,1,1,50,3,2,5,3,2,11220,4.957748,43.97868725
3,10,66.774187,33.760108,2584.734863,0,0,0,1,0,1,1,37,2,1,6,1,2,59430,5.83695525,32.294627
3,10,66.789812,33.730835,2605.323486,0,1,0,1,0,1,1,27,2,2,12,4,2,103090,5.92665925,33.22270175
3,10,66.97844,33.716375,2808.675293,0,0,0,1,1,1,1,42,3,3,6,3,2,45700,4.78635275,41.285617
3,10,66.969707,33.669627,2836.337402,0,1,0,1,1,1,1,50,2,1,5,1,2,24420,4.957748,43.97868725
3,10,66.727394,33.774455,2548.781494,0,0,1,1,1,1,1,25,3,1,2,2,2,75150,6.14095725,32.7459695
3,10,66.808137,33.80382,2627.164063,0,0,1,1,1,0,1,45,2,3,5,0,0,104900,5.48250675,31.3532875
3,10,66.750779,33.631941,2618.613037,0,0,1,0,0,0,1,33,1,0,6,0,0,12600,6.51229875,34.935613
3,10,66.771604,33.628709,2648.801758,0,0,1,0,1,1,1,35,1,0,6,0,0,28600,6.30803375,35.77798775
3,10,66.789691,33.730813,2605.323486,0,0,1,1,1,0,1,60,1,2,6,3,2,41870,5.92665925,33.22270175
3,10,66.967597,33.672033,2829.038818,0,1,1,0,1,0,1,65,3,1,2,3,2,50970,4.91675125,43.41214475
3,10,66.770223,33.629161,2648.801758,0,0,1,0,1,1,1,40,1,1,6,0,0,60150,6.30803375,35.77798775
3,10,66.971188,33.673162,2829.038818,0,1,1,0,1,0,1,60,4,1,5,2,2,41870,4.91675125,43.41214475
3,10,66.773858,33.756692,2587.922852,0,0,1,0,1,1,1,48,4,2,4,3,2,27979,5.893792,32.55378225
3,10,66.769963,33.62735,2648.801758,0,0,1,0,1,1,1,68,2,0,6,0,0,60890,6.30803375,35.77798775
3,10,66.966853,33.670765,2819.233154,0,0,1,0,1,1,1,50,3,1,5,1,1,44840,5.0198525,42.50043025
3,10,66.982095,33.675305,2838.815918,0,1,1,0,0,0,1,30,4,0,2,1,2,25250,4.80624625,44.4240475
3,10,66.768551,33.631123,2648.801758,0,0,1,1,1,1,1,40,2,0,9,1,1,21100,6.30803375,35.77798775
3,10,66.998972,33.71438,2829.567383,0,0,0,1,1,1,1,27,3,5,5,1,1,33560,4.57181925,43.16476525
3,10,66.765201,33.655802,2613.112549,0,0,1,0,1,1,1,23,3,0,7,2,2,34100,6.35509125,34.48229275
3,10,66.958365,33.699757,2804.955322,0,1,1,0,1,0,1,40,2,1,5,1,2,58800,4.9303455,41.21342275
3,10,66.765492,33.655518,2613.112549,0,0,1,0,0,1,1,22,2,1,4,1,1,27540,6.35509125,34.48229275
3,10,66.790774,33.730847,2605.323486,0,1,1,0,1,1,1,54,1,1,7,2,2,46690,5.92665925,33.22270175
3,10,66.756277,33.641288,2626.619629,0,0,1,0,0,1,1,22,6,1,4,1,1,99700,6.37832275,35.1461025
3,10,66.760063,33.633313,2626.619629,0,0,1,1,1,0,1,78,3,2,11,2,2,63865,6.37832275,35.1461025
3,10,66.99322,33.719742,2829.567383,0,0,1,0,0,0,1,62,4,1,5,2,2,44000,4.57181925,43.16476525
3,10,66.757857,33.641392,2626.619629,0,0,1,1,1,0,1,50,5,0,8,3,2,42210,6.37832275,35.1461025
3,10,66.77025,33.653475,2633.744873,0,0,1,0,1,1,1,43,2,2,3,1,1,34250,6.25691975,35.26447375
3,10,66.772787,33.627491,2648.801758,0,0,1,1,1,0,1,53,1,0,7,0,0,29860,6.30803375,35.77798775
3,10,66.726669,33.775145,2548.781494,0,0,1,0,0,1,1,34,2,2,4,1,2,46850,6.14095725,32.7459695
3,10,66.971443,33.712625,2808.675293,0,0,1,0,0,0,0,40,5,0,6,3,2,46450,4.78635275,41.285617
3,10,66.747878,33.631862,2618.613037,0,0,1,1,1,1,1,20,1,1,8,0,0,98950,6.51229875,34.935613
3,10,66.995058,33.720427,2829.567383,0,0,0,1,0,1,1,45,3,3,11,4,2,73820,4.57181925,43.16476525
3,10,66.966262,33.67031,2829.53125,0,0,1,0,0,0,0,35,9,1,1,4,2,15950,5.0581945,42.81138325
3,10,66.785213,33.813962,2587.2854,0,1,1,1,0,1,1,27,2,4,0,2,2,96380,5.562751,31.20039675
3,10,66.775732,33.761094,2584.734863,1,0,1,1,1,1,1,28,2,4,4,3,2,54550,5.83695525,32.294627
3,10,66.77426,33.75993,2584.734863,0,0,1,1,0,1,1,25,1,2,5,2,2,86730,5.83695525,32.294627
3,10,66.775636,33.761212,2584.734863,0,0,1,1,0,1,1,60,1,0,11,3,2,68560,5.83695525,32.294627
3,10,66.775427,33.627313,2648.801758,0,0,1,0,1,1,1,30,1,0,5,0,0,67950,6.30803375,35.77798775
3,10,66.96653,33.672663,2819.233154,0,1,0,1,0,0,1,40,6,0,4,3,2,22770,5.0198525,42.50043025
3,10,66.771914,33.651053,2633.744873,0,0,1,0,1,1,1,34,0,1,5,0,0,22900,6.25691975,35.26447375
3,10,66.767535,33.63069,2648.801758,0,0,1,1,1,1,1,25,4,0,3,3,2,38515,6.30803375,35.77798775
3,10,66.757854,33.641192,2626.619629,0,0,1,1,1,0,1,68,4,2,6,1,1,50470,6.37832275,35.1461025
3,10,66.789686,33.730885,2605.323486,0,0,0,1,0,1,1,23,1,0,3,1,2,67340,5.92665925,33.22270175
3,10,66.756743,33.642071,2626.619629,0,0,1,1,0,0,1,72,2,0,9,1,1,33600,6.37832275,35.1461025
3,10,66.768479,33.652964,2633.744873,0,0,1,0,1,1,1,30,1,1,4,1,1,34370,6.25691975,35.26447375
3,10,66.775712,33.761142,2584.734863,1,0,1,1,1,1,1,42,1,0,5,1,2,32300,5.83695525,32.294627
3,10,66.808613,33.803892,2627.164063,1,0,1,1,1,1,1,56,1,6,13,0,0,72900,5.48250675,31.3532875
3,10,66.96811,33.671662,2829.038818,0,1,0,1,0,0,0,30,2,0,2,1,2,13800,4.91675125,43.41214475
3,10,66.806317,33.802237,2627.164063,0,0,1,0,1,0,1,52,1,0,5,0,0,43915,5.48250675,31.3532875
3,10,66.752226,33.633915,2604.986328,0,0,1,0,1,1,1,47,2,1,10,0,0,23540,6.489244,34.28698175
3,10,66.758128,33.641695,2626.619629,0,0,1,0,1,1,1,30,3,1,4,2,2,48120,6.37832275,35.1461025
3,10,67.005098,33.696483,2845.871338,0,0,0,1,0,1,1,30,6,3,8,3,2,89200,4.4922315,45.11072075
3,10,66.764982,33.655829,2613.112549,0,0,1,0,1,1,1,28,1,1,2,1,1,19580,6.35509125,34.48229275
3,10,66.996972,33.72011,2829.567383,0,1,1,0,1,1,1,63,1,2,3,2,2,11200,4.57181925,43.16476525
3,10,66.968282,33.673037,2829.038818,0,1,1,0,1,1,1,60,6,1,3,2,1,15550,4.91675125,43.41214475
3,10,66.775026,33.627358,2648.801758,0,0,1,1,1,1,1,48,3,0,9,1,1,40130,6.30803375,35.77798775
3,10,66.748225,33.632248,2618.613037,0,0,1,0,0,0,1,45,6,0,4,5,2,37310,6.51229875,34.935613
3,10,66.770768,33.652523,2633.744873,0,0,1,0,0,1,1,25,3,2,3,2,2,93840,6.25691975,35.26447375
3,10,66.748941,33.630956,2618.613037,0,0,1,1,0,0,1,70,3,0,13,1,1,43200,6.51229875,34.935613
3,10,66.78985,33.730891,2605.323486,0,0,1,1,1,1,1,65,1,0,5,0,2,70680,5.92665925,33.22270175
3,10,66.990652,33.718838,2819.117188,0,1,1,0,1,1,1,48,3,1,7,2,2,11950,4.681891,42.19180575
3,10,66.768208,33.63083,2648.801758,0,0,1,1,1,0,1,50,3,0,7,1,1,60040,6.30803375,35.77798775
2,6,67.746835,33.869648,3222.562744,1,1,1,0,0,0,1,50,2,0,6,1,2,28800,2.19089575,91.268917
2,6,67.850157,33.9435,3212.934326,0,1,1,0,1,0,1,45,2,0,3,1,2,16500,2.43757375,86.0230675
2,6,67.69343,33.467028,3020.200684,0,1,1,0,0,1,1,45,2,1,9,1,2,32100,3.9746485,116.0007763
2,6,67.6853,33.470385,3029.50708,0,1,1,1,0,0,1,54,5,2,3,3,2,20000,3.92154025,115.7822343
2,6,67.821542,33.86816,3207.093506,0,1,1,0,0,0,1,70,2,0,6,2,2,13700,2.43464025,92.4147375
2,6,67.718177,33.73264,3211.728271,0,1,1,0,0,0,1,60,3,0,9,2,2,45800,2.56962725,105.643595
2,6,67.611635,33.891065,3249.543457,0,0,0,0,1,1,1,30,3,1,1,1,2,18500,1.70258375,77.266327
2,6,67.713087,33.473092,3044.07666,0,1,1,0,1,0,1,60,3,0,6,2,1,14400,3.88916225,118.2391875
2,6,67.701998,33.481925,3033.182861,0,1,1,0,0,1,1,56,3,1,3,2,2,55200,3.84289425,117.6067773
2,6,67.3974983,33.80592,3151.736084,0,0,1,0,1,0,1,28,2,0,6,1,2,13400,1.937188,71.34641075
2,6,67.731445,33.708772,3206.094482,0,1,1,0,1,1,1,56,6,1,8,3,2,63000,2.68478675,108.3882065
2,6,67.683892,33.601525,3154.455322,0,1,1,0,1,0,1,45,2,0,5,2,2,43000,2.953494,119.8037453
2,6,67.711928,33.4736,3044.07666,0,1,1,1,1,0,1,66,3,0,6,1,2,32200,3.88916225,118.2391875
2,6,67.744913,33.868882,3222.562744,0,1,1,0,0,0,1,50,2,0,6,2,1,24400,2.19089575,91.268917
2,6,67.712975,33.524665,3094.877197,0,1,1,0,1,0,1,41,3,0,10,2,2,20200,3.46961825,122.5346773
2,6,67.849997,33.943522,3212.934326,0,1,1,0,1,0,1,40,2,0,4,2,2,38900,2.43757375,86.0230675
2,6,67.40087,33.711162,3171.447998,0,0,1,0,1,1,1,45,3,0,15,3,2,37000,2.20389875,84.9890825
2,6,67.683918,33.601405,3154.455322,0,1,1,1,1,0,1,30,2,0,0,1,2,19600,2.953494,119.8037453
2,6,67.746957,33.143043,2572.040771,0,0,1,1,1,1,1,26,7,0,9,4,1,23800,8.22366775,62.971714
2,6,67.685142,33.470226,3029.50708,0,1,0,0,0,0,1,80,2,0,11,1,2,49000,3.92154025,115.7822343
2,6,67.697347,33.620767,3155.839355,0,1,1,1,0,1,1,45,4,0,4,2,2,22400,2.9600075,119.6421108
2,6,67.685142,33.470226,3029.50708,1,1,1,1,1,0,1,41,2,0,6,1,1,16020,3.92154025,115.7822343
2,6,67.879324,33.893606,3208.86377,0,1,1,1,1,0,1,50,2,0,4,1,2,15550,2.7439195,88.4241465
2,6,67.785502,33.78007,3208.314453,0,1,1,0,1,0,1,35,1,0,7,0,0,10200,2.55618925,99.867607
2,6,67.882453,33.894767,3208.86377,0,1,1,1,1,1,1,31,6,0,11,5,2,19500,2.7439195,88.4241465
2,6,67.751692,33.862505,3222.562744,0,1,1,1,0,0,1,46,4,0,5,2,2,22000,2.19089575,91.268917
2,6,67.685142,33.470226,3029.50708,0,1,1,1,0,0,1,45,2,0,7,1,2,11500,3.92154025,115.7822343
2,6,67.746925,33.870452,3222.562744,0,1,1,0,0,0,1,42,2,0,6,1,2,25100,2.19089575,91.268917
2,6,67.74501,33.86888,3222.562744,0,0,1,0,1,0,1,39,2,0,6,1,2,12950,2.19089575,91.268917
2,6,67.689297,33.489417,3055.197021,0,1,1,1,1,1,1,55,2,0,7,1,2,22200,3.66912225,118.6180495
2,6,67.74501,33.86888,3222.562744,0,0,1,1,0,0,1,52,8,0,7,4,2,28200,2.19089575,91.268917
2,6,67.713058,33.473135,3044.07666,0,1,1,0,1,1,1,40,3,0,6,2,2,18400,3.88916225,118.2391875
2,6,67.746513,33.86975,3222.562744,0,1,1,1,0,0,1,65,4,1,6,3,2,10100,2.19089575,91.268917
2,6,67.785773,33.779573,3208.314453,0,1,1,1,0,0,1,57,5,0,8,3,2,32800,2.55618925,99.867607
2,6,67.821648,33.868183,3207.093506,1,1,1,0,0,0,1,45,2,0,6,2,2,11900,2.43464025,92.4147375
2,6,67.692427,33.465795,3020.200684,0,1,1,0,1,1,1,30,2,0,7,3,2,16000,3.9746485,116.0007763
2,6,67.785528,33.779915,3208.314453,0,0,1,0,1,0,1,50,3,0,5,2,2,22800,2.55618925,99.867607
2,6,67.700732,33.51562,3091.167969,0,1,1,1,1,0,1,45,3,0,4,1,2,10100,3.51222125,121.4194813
2,6,67.6853,33.470385,3029.50708,0,1,1,1,0,0,1,50,6,0,7,3,2,23100,3.92154025,115.7822343
2,6,67.715422,33.52124,3094.877197,0,1,1,0,1,1,1,43,2,0,1,1,2,18100,3.46961825,122.5346773
2,6,67.731487,33.708772,3206.094482,0,1,1,0,1,0,1,40,2,0,6,2,2,39200,2.68478675,108.3882065
2,6,67.706097,33.514182,3082.744873,0,1,1,0,1,0,1,55,3,0,4,1,2,12500,3.560679,121.829693
2,6,67.678302,33.57504,3158.469238,0,1,1,0,1,0,1,40,2,0,3,1,1,16400,3.0026665,120.9433823
2,6,67.611402,33.891018,3249.543457,0,0,1,0,1,0,1,30,4,0,4,2,2,11000,1.70258375,77.266327
2,6,67.820948,33.880687,3213.977295,0,0,1,0,1,1,1,84,2,0,6,2,2,13600,2.4041545,91.722315
2,6,67.17209,33.149125,2923.617676,0,0,0,0,0,1,1,22,4,1,7,2,2,34000,5.579231,94.883461
2,6,67.763207,33.805658,3216.950439,0,1,1,0,0,0,1,56,2,0,9,2,2,32200,2.38102025,97.21670325
2,6,67.785773,33.77991,3208.314453,0,1,1,0,0,1,1,56,3,0,11,2,2,14600,2.55618925,99.867607
2,6,67.76829,33.864708,3219.892578,0,1,1,0,0,1,1,22,2,0,4,3,2,55000,2.26030275,91.92883125
2,6,67.70373,33.515343,3091.167969,0,1,1,1,1,1,1,40,2,0,7,1,2,45550,3.51222125,121.4194813
2,6,67.693427,33.46639,3020.200684,0,1,1,1,1,0,1,55,4,0,8,2,2,26200,3.9746485,116.0007763
2,6,67.6853,33.470385,3029.50708,0,1,1,0,1,1,1,50,3,0,8,2,2,10700,3.92154025,115.7822343
2,6,67.685142,33.470226,3029.50708,0,1,1,1,0,0,1,65,3,0,7,2,2,26100,3.92154025,115.7822343
2,6,67.715528,33.521033,3094.877197,0,1,1,0,1,0,1,55,2,0,10,3,2,21950,3.46961825,122.5346773
2,6,67.685142,33.470226,3029.50708,0,1,1,1,0,0,1,28,4,0,4,3,2,19250,3.92154025,115.7822343
2,6,67.6114016,33.89101833,3249.543457,0,0,1,1,1,0,1,38,2,0,5,1,2,21500,1.70258375,77.266327
2,6,67.6853,33.470385,3029.50708,0,1,0,0,0,1,1,24,6,0,7,3,2,15000,3.92154025,115.7822343
2,6,67.4009716,33.71113,3171.447998,0,0,1,0,1,1,1,48,3,1,4,1,2,34100,2.20389875,84.9890825
2,6,67.656152,33.571328,3165.485596,1,1,1,0,1,0,1,50,3,0,6,2,2,11250,2.92363125,120.1964015
2,6,67.713067,33.473112,3044.07666,0,1,1,1,0,0,1,57,2,0,7,1,1,31000,3.88916225,118.2391875
2,6,67.678063,33.575133,3158.469238,0,1,1,0,0,0,1,52,3,0,7,2,2,32500,3.0026665,120.9433823
2,6,67.74501,33.86888,3222.562744,0,1,1,0,1,1,1,30,3,0,12,3,2,69600,2.19089575,91.268917
2,6,67.850065,33.94355,3212.934326,0,1,0,1,1,1,1,30,15,1,6,8,2,16000,2.43757375,86.0230675
2,6,67.685142,33.470226,3029.50708,0,1,1,1,1,0,1,40,2,0,7,1,2,10800,3.92154025,115.7822343
2,6,67.706103,33.514188,3082.744873,0,1,1,0,1,0,1,45,3,0,3,1,2,12500,3.560679,121.829693
2,6,67.685142,33.470226,3029.50708,0,1,1,1,1,0,1,25,2,0,4,1,2,29100,3.92154025,115.7822343
2,6,67.6853,33.470385,3029.50708,0,1,1,1,0,1,1,28,6,0,8,3,2,23100,3.92154025,115.7822343
2,6,67.763153,33.805682,3216.950439,0,1,1,0,0,1,1,22,2,0,8,2,2,12800,2.38102025,97.21670325
2,6,67.685142,33.470226,3029.50708,0,1,1,1,1,1,1,42,2,0,6,1,1,13620,3.92154025,115.7822343
2,6,67.78544,33.779907,3208.314453,0,1,1,0,0,0,1,55,2,0,4,1,2,15700,2.55618925,99.867607
3,12,66.171037,33.762268,2334.337402,0,0,0,0,1,1,1,50,0,0,5,1,1,109900,8.0915745,61.42985825
3,12,66.131388,33.727294,2295.550537,0,0,1,1,1,0,1,55,200,0,-191,3,2,58010,8.560075,57.63805275
3,12,66.131912,33.752409,2324.716309,0,1,1,1,0,0,1,65,1,0,5,1,1,18925,8.28830825,61.8105165
3,12,66.150594,33.70975,2272.964111,0,1,1,0,0,1,1,20,2,1,1,2,1,58060,8.68422775,54.4925395
3,12,66.113788,33.743505,2326.837402,0,0,0,0,1,1,1,33,1,2,5,4,2,14750,8.46396,61.76960175
3,12,66.135687,33.760149,2339.093506,0,1,1,1,1,0,1,35,2,0,2,0,0,30000,8.1621535,63.6609555
3,12,66.149459,33.708867,2272.964111,0,1,0,1,0,1,1,30,2,1,3,1,1,32040,8.68422775,54.4925395
3,12,66.141677,33.721702,2295.550537,1,0,1,0,1,1,1,47,3,1,3,0,0,55950,8.560075,57.63805275
3,12,66.13495,33.719608,2280.808105,1,0,1,0,1,1,1,30,2,2,7,0,0,103750,8.6998845,55.40555975
3,12,66.133791,33.755524,2324.716309,0,1,1,1,1,1,1,56,1,0,7,0,1,15750,8.28830825,61.8105165
3,12,66.151863,33.70975,2272.964111,0,1,0,0,1,1,1,40,2,1,3,0,0,46045,8.68422775,54.4925395
3,12,66.15119,33.755792,2316.512207,0,1,1,0,1,1,1,36,2,1,4,1,1,29120,8.264232,60.9424325
3,12,66.138501,33.720745,2295.550537,1,0,1,0,0,1,1,22,1,0,2,0,0,71450,8.560075,57.63805275
3,12,66.131938,33.752381,2324.716309,0,1,1,0,1,1,1,60,3,1,6,1,2,39850,8.28830825,61.8105165
3,12,66.150048,33.708244,2272.964111,1,1,0,0,0,1,1,26,1,0,3,0,0,74865,8.68422775,54.4925395
3,12,66.11769,33.739688,2326.837402,0,0,1,1,1,0,1,70,2,1,10,4,2,67715,8.46396,61.76960175
3,12,66.157484,33.755884,2308.572754,0,1,1,0,1,1,1,30,3,2,0,1,2,74600,8.2399185,60.15895
3,12,66.151632,33.713717,2272.964111,1,1,0,1,0,1,1,25,1,2,6,2,2,55635,8.68422775,54.4925395
3,12,66.151386,33.713301,2272.964111,1,1,0,1,0,0,0,35,2,0,2,2,1,74010,8.68422775,54.4925395
3,12,66.149315,33.713341,2272.964111,1,1,1,1,1,0,1,45,2,1,9,3,2,21400,8.68422775,54.4925395
3,12,66.116951,33.740413,2326.837402,0,0,1,1,1,0,1,65,2,0,8,4,2,53570,8.46396,61.76960175
3,12,66.154228,33.765356,2330.72583,0,1,1,1,1,0,1,62,6,0,0,2,1,86500,8.1375075,62.77303025
3,12,66.151696,33.762686,2330.72583,0,1,1,0,0,1,0,30,5,0,3,2,1,30955,8.1375075,62.77303025
3,12,66.153141,33.710714,2272.964111,1,1,0,1,0,1,1,38,2,3,3,1,0,62150,8.68422775,54.4925395
3,12,66.149901,33.761165,2330.72583,0,1,1,1,1,0,1,35,2,0,5,2,2,44450,8.1375075,62.77303025
3,12,66.169822,33.763802,2334.337402,0,0,0,0,0,1,1,36,1,0,3,1,1,12990,8.0915745,61.42985825
3,12,66.185034,33.766525,2325.5,1,0,1,0,1,1,1,40,5,2,1,2,2,81960,8.06896325,60.74338125
3,12,66.149417,33.712873,2272.964111,1,1,1,0,0,1,1,30,2,2,4,2,1,90750,8.68422775,54.4925395
3,12,66.18184,33.76779,2325.5,0,0,0,0,0,1,1,40,1,2,2,3,1,26120,8.06896325,60.74338125
3,12,66.114804,33.742542,2326.837402,0,0,1,0,0,1,1,45,1,4,4,3,2,42810,8.46396,61.76960175
3,12,66.14144,33.721173,2295.550537,1,0,1,1,1,1,1,55,2,0,10,0,0,78850,8.560075,57.63805275
3,12,66.151974,33.753796,2316.512207,0,1,1,0,1,1,1,60,3,2,0,2,1,59625,8.264232,60.9424325
3,12,66.119551,33.739928,2318.450928,1,0,1,1,1,0,1,53,5,0,7,3,2,37080,8.44338375,60.7386515
3,12,66.134038,33.752747,2324.716309,0,1,1,1,0,0,1,80,1,0,9,0,1,21325,8.28830825,61.8105165
3,12,66.151619,33.754112,2316.512207,0,1,1,1,0,1,1,20,1,0,9,2,1,28120,8.264232,60.9424325
3,12,66.151509,33.763659,2330.72583,0,1,1,0,1,1,1,47,1,0,6,3,2,95636,8.1375075,62.77303025
3,12,66.139307,33.722097,2295.550537,1,0,1,0,1,0,1,60,1,0,3,0,0,28025,8.560075,57.63805275
3,12,66.132234,33.75152,2324.716309,0,1,1,1,1,0,1,55,2,2,3,0,1,53200,8.28830825,61.8105165
3,12,66.121267,33.736794,2318.450928,0,0,1,0,1,1,1,50,2,3,7,4,2,65010,8.44338375,60.7386515
3,12,66.134615,33.758494,2339.093506,0,0,1,1,0,0,1,56,1,0,9,3,1,93700,8.1621535,63.6609555
3,12,66.145843,33.697301,2258.223389,1,0,1,0,1,1,1,34,1,1,6,0,0,100100,8.82459075,52.227045
3,12,66.127128,33.73236,2303.678467,0,0,1,1,1,0,1,70,1,0,7,4,2,60235,8.57944025,58.58166125
3,12,66.124403,33.723468,2303.678467,0,0,1,1,1,0,1,50,1,0,10,4,2,63370,8.57944025,58.58166125
3,12,66.166562,33.761507,2322.625,0,0,0,1,0,1,1,30,2,1,3,3,1,57460,8.1128955,61.97959325
3,12,66.141235,33.721569,2295.550537,1,0,1,0,0,1,1,25,1,2,10,0,0,19375,8.560075,57.63805275
3,12,66.128898,33.725417,2303.678467,0,0,1,0,1,1,1,30,1,1,6,3,2,58085,8.57944025,58.58166125
3,12,66.131299,33.725747,2295.550537,0,0,1,1,1,0,1,50,2,0,10,5,2,72470,8.560075,57.63805275
1,5,67.082893,33.97809,2911.05835,0,0,1,1,0,0,1,40,1,0,5,1,2,25040,3.180067,36.00710875
1,5,66.677136,34.206389,2862.663086,0,0,0,1,1,0,1,60,1,0,6,1,1,29950,3.48961575,58.61217775
1,5,67.015129,34.207745,3030.755859,0,0,1,0,1,0,1,49,8,0,3,4,1,30730,2.636589,38.020387
1,5,67.003334,34.201611,3024.655029,0,0,0,0,0,1,1,32,3,2,10,7,2,78200,2.67839525,38.5565205
1,5,66.919856,34.018863,2806.661621,1,1,1,1,1,0,1,65,3,0,7,3,1,24970,4.011943,34.2027335
1,5,67.22821,34.346462,3191.908447,0,0,1,1,0,0,1,28,10,1,0,7,2,75000,1.51567475,35.45816375
1,5,66.673744,34.27427,2986.085205,1,1,1,0,0,0,1,33,1,0,6,2,1,16150,2.98192975,60.90176025
1,5,66.677162,34.206567,2862.663086,0,0,1,0,1,1,1,65,6,1,2,3,2,11850,3.48961575,58.61217775
1,5,66.556022,34.126146,2728.562744,0,0,0,0,0,1,1,30,4,5,3,4,2,33900,4.2032835,62.196888
1,5,67.138809,34.072714,3014.769775,1,0,1,1,1,1,1,38,1,0,4,2,2,85670,2.633554,34.236412
1,5,66.822599,34.15956,2908.04126,0,0,1,1,0,1,1,50,1,0,9,7,2,41175,3.219336,44.006506
1,5,67.117523,34.219648,3099.355713,0,0,0,1,1,1,1,40,1,1,6,0,0,25600,2.29331175,33.95235225
1,5,67.08436,34.055037,2964.356201,0,0,1,0,1,0,1,37,4,0,1,2,2,35170,2.92170775,35.081008
1,5,66.752347,34.175646,2873.320801,1,1,1,0,1,0,1,55,2,1,7,2,2,33360,3.348647,49.41527175
1,5,66.673143,34.265333,2947.321777,1,1,1,1,0,0,1,40,1,1,8,1,2,21850,3.0732895,60.554452
1,5,67.11362,34.218982,3092.832275,0,0,1,0,1,1,1,45,1,1,6,0,2,25950,2.31233425,34.24868925
1,5,67.21525,34.248024,3149.894531,0,0,1,1,0,0,0,50,3,0,0,2,2,13550,2.0531355,32.66986975
1,5,67.077743,33.99167,2910.699219,0,0,1,0,1,1,1,45,7,0,2,4,2,15700,3.220787,35.6805625
1,5,66.838158,34.13979,2887.362061,0,0,1,0,1,0,1,33,1,0,4,0,2,23600,3.32586825,42.2437155
1,5,66.748484,34.181361,2873.320801,1,1,1,1,1,1,1,52,2,1,9,2,2,22260,3.348647,49.41527175
1,5,66.819466,34.160874,2908.04126,0,0,1,1,0,0,1,45,2,4,2,0,2,66700,3.219336,44.006506
1,5,67.132105,34.071624,3014.769775,1,0,1,1,1,0,1,87,3,0,7,1,2,17800,2.633554,34.236412
1,5,66.565513,34.128337,2728.562744,0,0,1,0,1,1,1,42,3,5,3,2,2,50620,4.2032835,62.196888
1,5,66.816677,34.16233,2901.665283,0,0,1,1,0,0,1,52,3,0,9,8,2,99600,3.24647025,44.6033585
1,5,66.719685,34.191115,2873.94751,0,0,1,0,1,1,1,52,2,16,0,6,2,13000,3.3746175,52.69315525
1,5,66.744579,34.182072,2873.320801,1,1,1,1,1,1,1,60,2,1,7,3,2,55590,3.348647,49.41527175
1,5,67.130804,34.070361,3005.938477,0,0,1,1,1,1,1,47,2,5,1,1,2,46400,2.67309075,34.54577125
1,5,67.205722,34.244688,3146.500244,0,0,1,1,0,0,1,29,8,5,-1,3,2,96800,2.09324475,32.5171685
1,5,66.921058,34.015021,2806.661621,1,1,0,0,1,1,1,48,3,0,6,2,2,51610,4.011943,34.2027335
1,5,67.134973,34.076129,3014.769775,1,0,1,1,1,1,1,40,2,0,8,2,2,12600,2.633554,34.236412
1,5,67.195565,34.051578,3059.451416,0,0,1,1,1,1,1,71,7,0,0,5,2,47810,2.51361175,36.35364025
1,5,67.185865,34.033416,3044.356689,0,0,1,1,1,1,1,39,5,0,5,3,2,29100,2.58865525,36.67368325
1,5,66.555726,34.126036,2728.562744,0,0,0,0,1,1,1,31,6,5,-1,4,1,41500,4.2032835,62.196888
1,5,67.08555,34.05401,2964.356201,0,0,1,0,0,1,1,26,2,0,3,1,2,31660,2.92170775,35.081008
1,5,66.720032,34.190132,2873.94751,0,0,1,0,1,1,1,40,2,6,3,1,2,31700,3.3746175,52.69315525
1,5,66.811312,34.156897,2890.047363,0,0,0,0,1,1,1,20,2,1,10,0,1,11920,3.315998,44.19202025
1,5,67.151095,34.212029,3107.362549,0,0,1,1,1,1,1,32,1,0,6,0,2,19910,2.2561355,33.476592
1,5,66.835621,34.167742,2932.68335,0,0,1,0,1,1,1,50,2,1,7,0,2,12150,3.19625975,43.5203045
1,5,67.148261,34.210906,3107.362549,0,0,1,0,1,1,1,47,2,0,5,0,1,36700,2.2561355,33.476592
1,5,67.13498,34.074539,3014.769775,1,0,1,1,1,0,1,52,10,0,7,4,2,31480,2.633554,34.236412
1,5,66.676513,34.206817,2862.663086,0,0,1,0,0,0,1,50,9,1,0,1,2,13100,3.48961575,58.61217775
1,5,67.135933,34.215194,3105.913086,0,0,1,0,0,1,1,63,4,1,5,2,2,33650,2.27517425,33.68004275
1,5,66.839654,34.160499,2932.68335,0,0,0,1,0,1,1,20,4,0,3,2,1,38940,3.19625975,43.5203045
1,5,66.565208,34.128473,2728.562744,0,0,1,0,1,0,1,55,4,1,2,1,2,24800,4.2032835,62.196888
1,5,67.066555,33.985667,2901.975098,0,0,1,0,1,1,1,55,2,0,7,2,2,82150,3.30093075,35.46329975
1,5,67.254474,34.240006,3153.299805,0,0,1,1,0,0,0,40,1,4,0,2,2,22900,2.028748,32.80093675
1,5,66.789873,34.156095,2877.575684,0,0,1,0,1,0,1,58,9,0,0,5,2,14480,3.379565,45.4810075
1,5,67.149203,34.211473,3107.362549,0,0,0,1,1,1,1,31,1,0,3,0,0,17760,2.2561355,33.476592
1,5,66.927066,34.004491,2795.076904,1,1,1,0,1,1,1,45,1,0,8,2,2,24060,4.1210385,33.54982325
1,5,66.927238,33.999652,2795.076904,1,1,0,0,1,1,1,65,2,0,10,3,2,12860,4.1210385,33.54982325
1,5,67.143626,34.206138,3101.267822,0,0,1,0,1,1,1,50,3,1,8,2,2,40000,2.29493125,33.380539
1,5,66.674559,34.20962,2889.578613,0,0,0,0,1,1,1,44,1,5,2,1,2,23400,3.40839975,59.24109825
1,5,67.204938,34.062872,3074.091309,0,0,1,1,1,1,1,36,2,3,0,1,2,90200,2.44745475,36.0725445
1,5,67.085815,34.06395,2973.76001,0,0,1,1,1,1,1,55,8,0,14,8,2,32500,2.8698955,34.9096875
1,5,67.085592,33.981295,2911.05835,0,0,1,1,1,0,1,30,1,0,11,1,2,35980,3.180067,36.00710875
1,5,67.117267,34.21472,3099.355713,0,0,0,1,1,1,1,60,3,2,1,0,1,46995,2.29331175,33.95235225
1,5,66.704814,34.283277,3014.75708,1,1,1,1,0,1,1,40,0,0,9,3,2,34760,2.7484885,57.8763885
1,5,67.151001,34.214821,3107.362549,0,0,1,0,1,1,1,50,1,0,9,2,2,98050,2.2561355,33.476592
1,5,67.112048,34.219598,3092.832275,0,0,1,0,0,1,1,50,2,0,6,0,0,59880,2.31233425,34.24868925
1,5,66.856048,34.159007,2936.605225,0,0,1,1,1,1,1,35,3,5,7,0,2,36950,3.14370625,42.17743875
1,5,67.075698,33.977768,2902.371826,0,0,1,1,1,0,1,47,1,0,7,2,2,26750,3.256435,35.770898
1,5,66.538709,33.803241,2443.353271,0,0,0,1,0,1,1,28,8,0,3,6,2,101640,6.9231645,37.096322
1,5,66.689022,34.287745,3005.38916,1,1,0,1,1,1,1,65,2,0,13,3,2,21700,2.837572,60.1870775
1,5,66.674537,34.209691,2889.578613,0,0,1,0,1,1,1,42,5,4,0,2,2,50400,3.40839975,59.24109825
1,5,67.152219,34.21602,3107.362549,0,0,0,1,1,1,1,42,1,1,5,0,1,44000,2.2561355,33.476592
1,5,67.194608,34.046504,3059.451416,0,0,0,1,1,1,1,40,2,3,5,2,2,10800,2.51361175,36.35364025
1,5,67.115605,34.220613,3099.809082,0,0,1,0,1,1,1,60,1,0,6,2,2,69820,2.2688355,34.4264195
1,5,67.121497,34.217808,3099.355713,0,1,1,0,1,1,1,42,2,0,4,0,0,60600,2.29331175,33.95235225
1,5,67.205077,34.06274,3074.091309,0,0,1,1,1,1,1,40,1,0,7,1,2,100800,2.44745475,36.0725445
1,5,67.031522,34.208496,3052.36792,1,0,1,0,1,1,1,24,2,0,3,1,2,43970,2.48972,36.945755
1,5,67.193165,34.049601,3059.451416,0,0,1,0,1,1,1,50,2,2,9,2,2,15420,2.51361175,36.35364025
1,5,67.144828,34.211831,3107.362549,0,0,1,0,1,0,1,65,1,0,5,0,2,19900,2.2561355,33.476592
1,5,66.935184,34.021821,2845.531982,1,1,1,0,1,1,1,45,2,1,4,1,1,18100,3.8418065,35.04409525
1,5,67.214579,34.236453,3146.500244,0,1,1,1,1,0,1,65,2,5,0,1,2,105750,2.09324475,32.5171685
1,5,66.759771,34.179871,2879.327148,1,1,1,1,1,1,1,62,2,0,8,2,2,24590,3.3051775,48.319295
1,5,66.759686,34.178726,2879.327148,1,1,1,1,1,1,1,55,2,0,10,2,2,19720,3.3051775,48.319295
1,5,66.676593,34.207113,2862.663086,0,0,0,0,0,1,1,24,3,3,0,2,1,25650,3.48961575,58.61217775
1,5,67.137202,34.214522,3105.913086,0,0,0,0,1,1,1,50,0,3,4,1,2,71800,2.27517425,33.68004275
1,5,67.034576,34.207999,3052.36792,0,0,1,0,1,1,1,40,3,0,7,2,2,19900,2.48972,36.945755
1,5,67.144277,34.211927,3107.362549,0,0,0,1,1,1,1,60,0,1,4,1,2,45100,2.2561355,33.476592
1,5,66.674117,34.285192,3000.783203,0,0,1,0,0,1,1,56,6,1,4,4,1,21290,2.88179975,61.20594125
1,5,66.835936,34.133707,2887.362061,0,0,0,0,1,1,1,27,0,0,12,3,2,91420,3.32586825,42.2437155
1,5,66.835562,34.138253,2887.362061,0,0,1,1,1,1,1,50,1,0,10,6,2,29210,3.32586825,42.2437155
1,5,66.937072,34.016912,2815.6875,1,1,1,1,1,1,1,55,3,0,5,3,2,47880,3.95414,34.21747525
1,5,67.19292,34.047813,3059.451416,0,0,1,1,1,0,1,52,12,0,0,3,2,19150,2.51361175,36.35364025
1,5,67.202628,34.243057,3140.126221,1,0,1,0,1,0,1,50,4,6,0,3,2,12300,2.10851025,32.94209825
1,5,67.07958,34.060825,2973.76001,1,0,1,1,1,1,1,65,11,0,0,7,2,25900,2.8698955,34.9096875
1,5,66.759685,34.172491,2879.327148,1,1,1,1,1,1,1,60,2,1,9,2,2,29640,3.3051775,48.319295
1,5,67.209922,34.063791,3074.091309,0,0,1,1,1,1,1,24,4,0,5,2,2,84340,2.44745475,36.0725445
1,5,67.069013,33.980388,2902.371826,0,0,1,0,1,0,1,50,6,0,3,2,2,18600,3.256435,35.770898
1,5,66.94351,34.023955,2853.264893,1,1,1,0,0,0,1,53,2,0,7,3,2,32740,3.78548675,35.02664775
1,5,67.151297,34.211764,3107.362549,0,0,1,1,1,1,1,65,2,1,7,0,1,17000,2.2561355,33.476592
1,5,66.908834,34.016485,2794.489502,1,1,1,0,1,1,1,70,2,0,4,1,2,40060,4.0667515,34.24156675
1,5,66.851757,34.148637,2919.707031,0,0,1,0,0,0,0,60,0,0,5,0,2,19500,3.23503025,42.34596725
1,5,66.565491,34.128661,2728.562744,0,0,1,0,0,0,1,40,2,2,3,1,2,10800,4.2032835,62.196888
1,5,67.080915,34.060373,2973.76001,0,0,0,0,1,0,0,70,2,0,4,2,2,24950,2.8698955,34.9096875
1,5,67.02462,34.207786,3046.22876,1,0,1,1,1,1,1,60,5,1,0,3,2,90650,2.53598325,37.62377175
1,5,67.210159,34.06341,3074.091309,0,0,1,1,1,1,1,65,4,0,7,2,2,26960,2.44745475,36.0725445
1,5,67.068187,33.983968,2910.699219,0,0,1,1,1,1,1,53,1,0,5,2,2,22600,3.220787,35.6805625
1,5,67.205098,34.062926,3074.091309,0,0,1,1,1,1,1,56,2,1,3,2,2,59790,2.44745475,36.0725445
1,5,66.678702,34.201907,2862.663086,0,0,0,0,1,1,1,40,1,0,9,2,0,25400,3.48961575,58.61217775
1,5,67.072678,33.979203,2902.371826,0,0,1,0,1,0,1,74,1,0,13,4,2,55100,3.256435,35.770898
1,5,67.136826,34.073508,3014.769775,1,0,1,1,1,1,1,45,8,1,0,0,2,23160,2.633554,34.236412
1,5,67.139915,34.079017,3014.769775,1,0,1,1,1,1,1,62,11,0,7,3,2,26800,2.633554,34.236412
1,5,67.193299,34.050208,3059.451416,0,0,1,1,1,0,1,75,2,0,10,0,2,37420,2.51361175,36.35364025
1,5,67.147921,34.21248,3107.362549,0,0,1,1,0,1,1,35,1,0,4,0,0,21080,2.2561355,33.476592
1,5,67.209802,34.063832,3074.091309,0,0,1,1,1,1,1,43,2,0,5,1,2,13800,2.44745475,36.0725445
1,5,67.137747,34.073243,3014.769775,1,0,1,1,0,1,1,32,1,0,4,1,2,44400,2.633554,34.236412
1,5,67.145923,34.077098,3022.335938,1,0,1,1,1,0,1,70,20,0,4,8,2,24200,2.59351525,34.20318225
1,5,66.911495,34.013782,2794.489502,1,1,1,0,0,1,1,55,3,0,9,3,2,53360,4.0667515,34.24156675
1,5,67.127298,34.078626,3007.128174,1,0,1,1,1,1,1,58,3,0,2,2,2,53550,2.676158,34.31995075
1,5,66.719577,34.190344,2873.94751,0,0,0,0,1,1,1,48,3,4,2,2,2,20400,3.3746175,52.69315525
1,5,66.999133,34.164378,2994.476807,0,0,1,1,1,1,1,30,1,0,5,4,1,55010,2.837493,37.88378625
1,5,66.721707,34.190872,2873.94751,0,0,1,0,1,1,1,55,3,8,5,2,2,31400,3.3746175,52.69315525
1,5,67.076695,33.977448,2902.371826,0,0,1,1,1,1,1,36,1,0,7,2,1,26550,3.256435,35.770898
1,5,67.080093,33.992785,2919.384766,0,0,1,1,1,0,1,48,4,0,5,2,2,47620,3.14753825,35.88101575
1,5,67.075933,33.99212,2910.699219,0,0,1,0,1,0,1,30,1,0,6,1,2,23100,3.220787,35.6805625
1,5,67.037065,34.212186,3052.36792,1,0,1,1,1,0,1,55,4,0,4,2,2,65390,2.48972,36.945755
1,5,67.20989,34.063882,3074.091309,0,0,0,0,0,1,1,21,2,0,5,2,2,68150,2.44745475,36.0725445
1,5,66.678261,34.200524,2862.663086,0,0,1,0,1,1,1,51,2,5,3,4,2,82050,3.48961575,58.61217775
1,5,66.851156,34.162203,2937.943604,0,0,1,1,0,0,1,54,1,0,7,0,2,25500,3.16994925,42.95250725
1,5,66.722152,34.190972,2873.94751,0,0,1,0,1,0,1,38,2,3,2,1,2,33500,3.3746175,52.69315525
1,5,67.209242,34.246037,3149.894531,0,0,1,1,0,0,1,72,8,5,1,4,2,70110,2.0531355,32.66986975
1,5,67.205086,34.062917,3074.091309,0,0,1,1,1,1,1,43,1,0,5,1,2,46420,2.44745475,36.0725445
1,5,67.0417,34.214173,3052.36792,1,0,1,0,1,1,1,80,3,1,0,1,2,28300,2.48972,36.945755
1,5,67.045048,34.214955,3058.610596,0,0,1,1,1,1,1,30,2,0,1,1,2,28360,2.44618725,36.271741
1,5,66.934154,34.021607,2845.531982,1,1,1,0,0,0,1,61,1,0,7,2,2,67500,3.8418065,35.04409525
1,5,66.839569,34.162558,2932.68335,0,0,1,1,1,1,1,43,2,0,5,2,2,58810,3.19625975,43.5203045
1,3,66.852033,34.594707,3358.022217,1,0,1,1,1,1,1,40,1,3,1,1,1,21000,0.71225075,59.89810275
1,3,67.243347,34.665649,3232.074219,1,1,1,1,0,1,1,29,1,0,3,2,1,101700,0.6056455,45.28751475
1,3,66.919578,34.653648,3395.317139,1,1,1,1,1,1,1,75,4,1,3,1,1,107700,0.4895775,60.34949475
1,3,66.891271,34.648295,3403.841064,1,0,1,0,1,0,1,40,1,0,5,1,1,14400,0.4905315,62.18573
1,3,66.921194,34.65301,3395.317139,1,0,0,0,0,1,1,55,2,1,5,1,1,39800,0.4895775,60.34949475
1,3,67.081587,34.679332,3338.199219,1,0,1,0,1,1,1,43,1,0,6,0,1,35250,0.4719045,52.9843065
1,3,66.910453,34.652321,3399.227539,1,0,1,1,1,1,1,24,2,1,4,1,2,45550,0.4860115,61.32176475
1,3,67.006712,34.610292,3351.567139,1,0,1,1,0,0,1,32,1,2,2,0,0,10450,0.6166375,53.695113
1,3,66.912565,34.65618,3399.227539,0,0,1,0,1,1,1,38,2,1,8,1,2,46000,0.4860115,61.32176475
1,3,66.906974,34.691517,3431.101074,0,1,1,0,0,1,1,53,1,0,7,2,2,70000,0.3422375,63.7101145
1,3,66.914613,34.73355,3458.523682,0,1,0,0,1,1,1,56,1,2,7,3,1,109500,0.21732925,66.16317575
1,3,67.175647,34.692418,3279.02002,1,0,1,1,0,0,1,42,0,0,8,0,1,11200,0.469869,49.98901275
1,3,66.892099,34.652912,3403.841064,0,1,0,1,1,1,1,25,3,5,6,0,0,77950,0.4905315,62.18573
1,3,67.006579,34.610762,3351.567139,1,0,1,1,1,1,1,30,1,0,10,1,2,32350,0.6166375,53.695113
1,3,67.241078,34.666802,3246.741699,1,0,1,1,0,0,1,45,1,0,9,0,1,91600,0.587557,46.270729
1,3,66.91795,34.69915,3432.795166,1,0,1,1,1,1,1,50,1,0,9,2,1,54400,0.30703125,63.9759265
1,3,66.811081,34.706309,3433.752686,0,0,1,1,0,1,1,35,1,1,6,5,1,75000,0.3468535,67.87483025
1,3,67.228727,34.67096,3253.187744,1,0,1,0,1,1,1,60,1,1,7,2,1,51600,0.542676,47.58467875
1,3,66.832851,34.588985,3357.63208,1,1,1,0,0,1,1,35,1,2,10,1,1,23750,0.720778,60.37828625
1,3,66.926068,34.649464,3395.317139,1,1,0,1,1,1,1,48,1,1,5,4,1,32500,0.4895775,60.34949475
1,3,67.171795,34.694555,3279.02002,1,0,1,1,1,1,1,30,0,0,7,0,1,23150,0.469869,49.98901275
1,3,67.179779,34.690061,3272.550537,1,0,1,0,1,1,1,36,4,0,0,3,2,73545,0.4785815,49.60398675
1,3,67.23436,34.670182,3238.62207,1,0,1,0,0,0,1,50,5,1,6,0,1,74800,0.5607495,47.10755725
1,3,66.916917,34.652319,3399.227539,1,1,1,1,0,0,1,30,1,0,6,0,0,16300,0.4860115,61.32176475
1,3,66.918773,34.649467,3395.317139,1,1,1,0,1,1,1,23,1,1,6,1,1,28900,0.4895775,60.34949475
1,3,66.898579,34.635294,3393.281006,1,1,1,1,1,0,1,43,2,1,2,1,1,35500,0.538319,60.812893
1,3,66.909943,34.65652,3399.227539,1,1,1,0,0,0,1,65,1,1,6,1,1,39695,0.4860115,61.32176475
1,3,66.906404,34.651486,3399.227539,1,0,1,1,0,0,1,45,1,0,8,3,2,24500,0.4860115,61.32176475
1,3,66.918063,34.699147,3432.795166,0,1,0,0,1,1,1,56,1,2,14,2,2,78500,0.30703125,63.9759265
1,3,66.91821,34.699198,3432.795166,0,1,1,1,0,0,1,80,2,4,4,0,1,13700,0.30703125,63.9759265
1,3,67.086282,34.677285,3338.199219,1,0,1,1,1,1,1,56,1,1,7,0,1,33300,0.4719045,52.9843065
1,3,66.910418,34.65214,3399.227539,1,0,1,0,1,0,1,25,1,0,7,2,1,92500,0.4860115,61.32176475
1,3,67.006062,34.610658,3351.567139,1,0,1,1,1,0,1,37,2,0,9,0,0,48070,0.6166375,53.695113
1,3,67.228421,34.671205,3253.187744,1,0,1,0,0,1,1,40,2,0,6,1,2,25400,0.542676,47.58467875
1,3,67.006585,34.610067,3351.567139,1,0,0,0,1,1,1,29,1,0,3,1,2,97450,0.6166375,53.695113
1,3,66.804313,34.707109,3432.950684,0,0,1,0,0,1,1,20,1,3,3,3,0,59500,0.3625955,68.165928
1,3,66.911007,34.651805,3399.227539,1,1,1,1,0,1,1,58,2,3,7,1,1,62750,0.4860115,61.32176475
1,3,66.91938,34.65184,3395.317139,1,1,1,1,1,1,1,60,1,3,2,2,1,43850,0.4895775,60.34949475
1,3,66.903467,34.686673,3426.706299,0,1,1,0,0,1,1,45,2,0,8,1,2,60150,0.33731825,64.5626525
1,3,66.943476,34.636861,3390.275879,1,1,1,1,1,0,1,78,0,1,4,0,0,15750,0.53969225,58.1390295
1,3,67.125927,34.730445,3319.47998,1,0,0,0,1,1,1,31,0,0,5,0,1,46250,0.37474375,53.66884725
1,3,66.90181,34.683517,3426.706299,1,1,1,0,1,1,1,36,1,0,3,1,1,20450,0.33731825,64.5626525
1,3,66.90959,34.733392,3458.523682,0,1,1,0,1,1,1,58,1,5,6,4,2,31750,0.21732925,66.16317575
1,3,67.237623,34.670937,3238.62207,1,0,1,1,0,0,1,85,0,0,4,0,2,10000,0.5607495,47.10755725
1,3,67.232374,34.670866,3238.62207,1,1,1,1,1,1,1,49,5,0,4,4,2,100740,0.5607495,47.10755725
1,3,66.899323,34.624978,3384.851074,1,0,1,0,0,1,1,25,3,0,7,2,2,18500,0.5835075,59.974985
1,3,66.919747,34.651504,3395.317139,1,1,1,0,1,0,1,43,1,0,5,2,2,37700,0.4895775,60.34949475
1,3,66.967017,34.61593,3372.095459,1,0,1,0,1,1,1,50,1,1,3,1,2,18370,0.61884125,56.19340625
1,3,66.917718,34.701683,3432.795166,0,1,0,0,1,1,1,54,1,0,11,3,2,65550,0.30703125,63.9759265
1,3,67.229745,34.67096,3238.62207,1,0,1,1,0,1,1,38,1,0,6,0,1,50300,0.5607495,47.10755725
1,3,66.998879,34.608737,3356.85376,1,1,0,1,1,1,1,35,1,0,7,0,0,22300,0.61631275,54.41669675
1,3,66.915297,34.650488,3399.227539,1,0,1,0,0,0,1,44,1,0,7,1,2,83300,0.4860115,61.32176475
1,3,66.888853,34.607532,3377.994385,1,0,1,0,0,0,1,25,2,1,5,2,2,41250,0.62691225,59.678672
1,3,67.000646,34.6112,3356.85376,1,0,0,1,1,1,1,40,2,1,9,2,1,43600,0.61631275,54.41669675
1,3,67.007033,34.610752,3351.567139,0,0,1,1,0,0,1,50,1,0,8,2,1,72800,0.6166375,53.695113
1,3,66.935115,34.63791,3383.592529,1,1,1,0,0,1,1,70,1,0,9,1,1,39600,0.53678475,58.9849165
1,3,66.966966,34.616935,3372.095459,1,0,1,0,1,1,1,50,2,0,3,1,2,33500,0.61884125,56.19340625
1,3,66.832804,34.588524,3357.63208,1,1,1,1,1,0,1,60,1,0,0,0,0,54750,0.720778,60.37828625
1,3,66.870157,34.597572,3370.508545,1,0,0,1,1,1,1,45,1,1,5,1,2,53500,0.666585,59.49950575
1,3,67.227995,34.670787,3253.187744,1,1,0,0,0,1,1,22,1,0,6,4,2,42200,0.542676,47.58467875
1,3,66.869838,34.597443,3370.508545,1,0,1,1,1,1,1,58,1,0,3,2,2,14900,0.666585,59.49950575
1,3,66.919737,34.652153,3395.317139,1,1,1,0,1,0,1,33,1,0,4,1,2,75700,0.4895775,60.34949475
1,3,66.914487,34.733978,3458.523682,0,1,1,0,0,1,1,24,2,1,7,2,2,97100,0.21732925,66.16317575
1,3,66.889015,34.607653,3377.994385,1,0,1,1,1,1,1,64,2,2,11,0,0,22250,0.62691225,59.678672
1,3,66.911187,34.735002,3458.523682,1,1,1,0,1,1,1,30,1,0,4,2,2,18000,0.21732925,66.16317575
1,3,67.176092,34.692055,3279.02002,1,0,1,0,0,1,1,37,1,0,6,1,2,37950,0.469869,49.98901275
1,3,66.905115,34.683682,3431.101074,0,1,1,1,1,1,1,40,1,0,4,2,2,22950,0.3422375,63.7101145
1,3,67.24923,34.661047,3232.074219,1,0,1,1,1,0,1,70,2,0,7,0,1,29800,0.6056455,45.28751475
1,3,66.88943,34.651884,3403.841064,1,0,1,0,1,0,1,66,2,1,4,1,1,52400,0.4905315,62.18573
1,3,66.911188,34.73526,3458.523682,1,1,0,0,0,0,0,38,1,1,3,2,2,18150,0.21732925,66.16317575
1,3,66.909507,34.697412,3438.043945,1,1,1,1,1,1,1,60,1,5,3,1,2,45900,0.303422,64.45865725
1,3,67.079835,34.679952,3338.199219,1,0,0,1,0,1,1,50,3,0,10,0,0,101350,0.4719045,52.9843065
1,3,67.238455,34.669136,3246.741699,1,1,1,1,1,0,1,45,3,1,7,2,1,91700,0.587557,46.270729
1,3,67.08817,34.678665,3338.199219,1,0,1,1,1,1,1,59,1,0,11,0,1,12600,0.4719045,52.9843065
1,3,66.851174,34.725068,3451.35083,1,1,0,1,0,1,1,20,1,0,8,0,0,75400,0.24959075,68.0081615
1,3,66.73974401,34.7259649,3437.330566,1,1,0,0,1,1,1,45,1,3,0,2,2,33950,0.39530375,70.777834
1,3,66.765473,34.749257,3465.878418,0,0,0,1,0,1,1,40,2,6,0,4,2,14600,0.2906405,70.81613725
1,3,66.74477,34.732283,3439.594971,1,1,1,1,0,1,1,50,2,7,0,4,2,69000,0.37245975,70.3703805
1,3,66.73790639,34.72505139,3437.330566,1,1,1,1,1,1,1,40,4,5,0,4,2,37350,0.39530375,70.777834
1,3,66.7712411,34.7769324,3478.148682,0,0,1,0,0,1,1,80,5,6,0,5,2,29650,0.22455175,71.1681135
1,3,66.74603295,34.730051,3439.594971,1,1,1,1,0,1,1,48,2,10,0,5,2,93200,0.37245975,70.3703805
1,3,66.73876751,34.72294024,3437.330566,1,1,1,1,1,1,1,45,1,18,0,10,2,23500,0.39530375,70.777834
1,3,66.7538619,34.73744724,3447.031006,1,1,1,1,0,1,1,30,2,8,0,4,2,12750,0.34117375,70.6953985
1,3,66.744588,34.7309511,3439.594971,0,0,1,1,0,1,1,50,2,8,0,5,2,50000,0.37245975,70.3703805
1,3,66.7445884,34.73095112,3439.594971,1,0,1,1,1,1,1,46,2,8,0,5,2,73950,0.37245975,70.3703805
1,3,66.7421554,34.728195,3437.330566,1,1,1,1,0,1,1,40,2,6,0,3,2,47750,0.39530375,70.777834
